0.0000,0.3884,0.0021,-0.0066,-0.0000,1.0000
0.0102,0.4013,-0.0012,-0.0040,0.0000,1.0000
0.0184,0.4038,0.0011,-0.0038,-0.0000,1.0000
0.0292,0.3960,0.0025,-0.0041,-0.0000,1.0000
0.0383,0.3922,-0.0001,-0.0041,0.0000,1.0000
0.0493,0.3939,-0.0012,-0.0038,0.0000,1.0000
0.0579,0.4052,0.0005,-0.0047,-0.0000,1.0000
0.0684,0.3993,-0.0012,-0.0051,0.0000,1.0000
0.0785,0.4002,-0.0012,-0.0062,0.0000,1.0000
0.0886,0.3943,0.0016,-0.0074,-0.0000,1.0000
0.0983,0.3958,0.0001,-0.0056,-0.0000,1.0000
0.1095,0.4009,0.0006,-0.0058,-0.0000,1.0000
0.1178,0.3954,-0.0011,-0.0057,0.0000,1.0000
0.1295,0.3921,0.0011,-0.0065,-0.0000,1.0000
0.1376,0.4046,0.0001,-0.0083,-0.0000,1.0000
0.1476,0.3962,-0.0014,-0.0088,0.0000,1.0000
0.1582,0.3931,-0.0023,-0.0088,0.0000,1.0000
0.1681,0.3894,-0.0026,-0.0048,0.0000,1.0000
0.1785,0.3923,-0.0028,-0.0045,0.0000,1.0000
0.1883,0.3995,-0.0027,-0.0059,0.0000,1.0000
0.1986,0.4044,-0.0013,-0.0095,0.0000,1.0000
0.2080,0.3988,-0.0017,-0.0081,0.0000,1.0000
0.2173,0.3964,-0.0023,-0.0074,0.0000,1.0000
0.2285,0.4023,-0.0014,-0.0069,0.0000,1.0000
0.2378,0.3998,-0.0020,-0.0058,0.0000,1.0000
0.2476,0.3956,-0.0048,-0.0079,0.0000,1.0000
0.2572,0.3975,-0.0044,-0.0100,0.0000,0.9999
0.2684,0.3984,-0.0024,-0.0073,0.0000,1.0000
0.2790,0.3950,-0.0055,-0.0066,0.0000,1.0000
0.2889,0.4024,-0.0029,-0.0096,0.0000,0.9999
0.2981,0.3945,-0.0053,-0.0074,0.0000,1.0000
0.3084,0.3947,-0.0059,-0.0073,0.0000,1.0000
0.3181,0.3953,-0.0043,-0.0065,0.0000,1.0000
0.3274,0.3994,-0.0039,-0.0088,0.0000,1.0000
0.3377,0.3963,-0.0056,-0.0096,0.0001,0.9999
0.3483,0.3980,-0.0042,-0.0085,0.0000,1.0000
0.3598,0.3950,-0.0075,-0.0091,0.0001,0.9999
0.3688,0.3974,-0.0065,-0.0090,0.0001,0.9999
0.3785,0.3981,-0.0040,-0.0109,0.0000,0.9999
0.3892,0.3983,-0.0033,-0.0100,0.0000,0.9999
0.4001,0.3925,-0.0067,-0.0081,0.0001,0.9999
0.4089,0.3960,-0.0063,-0.0082,0.0001,0.9999
0.4188,0.3957,-0.0067,-0.0087,0.0001,0.9999
0.4291,0.3962,-0.0050,-0.0084,0.0000,1.0000
0.4405,0.3933,-0.0066,-0.0080,0.0001,0.9999
0.4480,0.3974,-0.0062,-0.0091,0.0001,0.9999
0.4581,0.4003,-0.0046,-0.0110,0.0001,0.9999
0.4690,0.3984,-0.0048,-0.0105,0.0001,0.9999
0.4790,0.3921,-0.0064,-0.0069,0.0000,1.0000
0.4905,0.3997,-0.0069,-0.0081,0.0001,0.9999
0.4985,0.3959,-0.0057,-0.0079,0.0000,1.0000
0.5095,0.3949,-0.0058,-0.0085,0.0000,0.9999
0.5191,0.3956,-0.0051,-0.0086,0.0000,1.0000
0.5285,0.3932,-0.0056,-0.0080,0.0000,1.0000
0.5388,0.3955,-0.0044,-0.0082,0.0000,1.0000
0.5494,0.3968,-0.0060,-0.0089,0.0001,0.9999
0.5605,0.3962,-0.0055,-0.0092,0.0001,0.9999
0.5678,0.3971,-0.0028,-0.0085,0.0000,1.0000
0.5781,0.3971,-0.0035,-0.0085,0.0000,1.0000
0.5873,0.3922,-0.0067,-0.0084,0.0001,0.9999
0.5983,0.3958,-0.0074,-0.0110,0.0001,0.9999
0.6090,0.4026,-0.0038,-0.0120,0.0000,0.9999
0.6182,0.3936,-0.0061,-0.0085,0.0001,0.9999
0.6289,0.3926,-0.0057,-0.0076,0.0000,1.0000
0.6380,0.3926,-0.0055,-0.0082,0.0000,1.0000
0.6481,0.3937,-0.0050,-0.0086,0.0000,1.0000
0.6584,0.3944,-0.0054,-0.0088,0.0000,0.9999
0.6688,0.3927,-0.0040,-0.0087,0.0000,1.0000
0.6777,0.3901,-0.0030,-0.0085,0.0000,1.0000
0.6888,0.3911,-0.0059,-0.0086,0.0001,0.9999
0.6987,0.3887,-0.0055,-0.0093,0.0001,0.9999
0.7082,0.3893,-0.0034,-0.0103,0.0000,0.9999
0.7190,0.3940,-0.0020,-0.0091,0.0000,1.0000
0.7293,0.3948,-0.0022,-0.0083,0.0000,1.0000
0.7381,0.3935,-0.0036,-0.0086,0.0000,1.0000
0.7481,0.3942,-0.0045,-0.0095,0.0000,0.9999
0.7601,0.3943,-0.0058,-0.0085,0.0000,0.9999
0.7685,0.3905,-0.0052,-0.0084,0.0000,1.0000
0.7783,0.3891,-0.0041,-0.0084,0.0000,1.0000
0.7882,0.3898,-0.0027,-0.0091,0.0000,1.0000
0.7984,0.3967,-0.0031,-0.0098,0.0000,0.9999
0.8085,0.3952,-0.0033,-0.0097,0.0000,0.9999
0.8187,0.3928,-0.0012,-0.0101,0.0000,0.9999
0.8281,0.3903,-0.0018,-0.0095,0.0000,1.0000
0.8385,0.3890,-0.0027,-0.0089,0.0000,1.0000
0.8481,0.3877,-0.0026,-0.0081,0.0000,1.0000
0.8587,0.3892,-0.0026,-0.0086,0.0000,1.0000
0.8684,0.3950,-0.0019,-0.0087,0.0000,1.0000
0.8787,0.3937,-0.0020,-0.0089,0.0000,1.0000
0.8892,0.3942,-0.0002,-0.0088,0.0000,1.0000
0.8990,0.3879,-0.0002,-0.0088,0.0000,1.0000
0.9081,0.3866,-0.0016,-0.0085,0.0000,1.0000
0.9180,0.3969,-0.0022,-0.0077,0.0000,1.0000
0.9284,0.3953,-0.0024,-0.0078,0.0000,1.0000
0.9380,0.3951,0.0002,-0.0076,-0.0000,1.0000
0.9515,0.3877,-0.0001,-0.0096,0.0000,1.0000
0.9597,0.3828,0.0004,-0.0098,-0.0000,1.0000
0.9692,0.3881,-0.0005,-0.0101,0.0000,0.9999
0.9789,0.3954,-0.0003,-0.0071,0.0000,1.0000
0.9883,0.3983,0.0014,-0.0066,-0.0000,1.0000
0.9989,0.3896,0.0011,-0.0095,-0.0000,1.0000
1.0128,0.3862,-0.0006,-0.0085,0.0000,1.0000
1.0191,0.3910,0.0007,-0.0083,-0.0000,1.0000
1.0283,0.3906,0.0012,-0.0072,-0.0000,1.0000
1.0385,0.3926,0.0032,-0.0063,-0.0000,1.0000
1.0495,0.3891,0.0008,-0.0065,-0.0000,1.0000
1.0587,0.3891,-0.0015,-0.0055,0.0000,1.0000
1.0684,0.3941,0.0010,-0.0059,-0.0000,1.0000
1.0781,0.3951,0.0012,-0.0067,-0.0000,1.0000
1.0893,0.3965,0.0030,-0.0068,-0.0000,1.0000
1.0990,0.3883,0.0015,-0.0066,-0.0000,1.0000
1.1090,0.3846,0.0021,-0.0083,-0.0000,1.0000
1.1183,0.3917,0.0032,-0.0090,-0.0000,1.0000
1.1291,0.3924,0.0027,-0.0073,-0.0000,1.0000
1.1383,0.3920,0.0021,-0.0063,-0.0000,1.0000
1.1484,0.3893,0.0026,-0.0047,-0.0000,1.0000
1.1584,0.3892,0.0016,-0.0057,-0.0000,1.0000
1.1699,0.4006,0.0024,-0.0027,-0.0000,1.0000
1.1869,0.3959,-0.0000,-0.0054,0.0000,1.0000
1.1939,0.3903,0.0024,-0.0047,-0.0000,1.0000
1.1981,0.3855,0.0057,-0.0057,-0.0000,1.0000
1.2081,0.3905,0.0050,-0.0044,-0.0000,1.0000
1.2182,0.3923,0.0032,-0.0047,-0.0000,1.0000
1.2284,0.3941,0.0026,-0.0039,-0.0000,1.0000
1.2382,0.3909,0.0041,-0.0042,-0.0000,1.0000
1.2503,0.3949,0.0066,-0.0051,-0.0000,1.0000
1.2590,0.3931,0.0028,-0.0048,-0.0000,1.0000
1.2694,0.3946,0.0015,-0.0044,-0.0000,1.0000
1.2787,0.3946,0.0028,-0.0041,-0.0000,1.0000
1.2905,0.3901,0.0033,-0.0033,-0.0000,1.0000
1.2990,0.3967,0.0032,-0.0069,-0.0000,1.0000
1.3080,0.3972,0.0033,-0.0042,-0.0000,1.0000
1.3193,0.3973,0.0017,-0.0030,-0.0000,1.0000
1.3284,0.3960,0.0031,-0.0017,-0.0000,1.0000
1.3382,0.3928,0.0028,-0.0016,-0.0000,1.0000
1.3483,0.3940,0.0023,-0.0037,-0.0000,1.0000
1.3588,0.3970,0.0019,-0.0023,-0.0000,1.0000
1.3687,0.3937,0.0021,-0.0007,-0.0000,1.0000
1.3768,0.3925,0.0022,-0.0001,-0.0000,1.0000
1.3880,0.3983,0.0045,-0.0017,-0.0000,1.0000
1.3993,0.3969,0.0013,-0.0020,-0.0000,1.0000
1.4086,0.3975,0.0015,-0.0017,-0.0000,1.0000
1.4176,0.3956,0.0021,-0.0017,-0.0000,1.0000
1.4274,0.3929,0.0013,-0.0013,-0.0000,1.0000
1.4396,0.3943,0.0014,-0.0020,-0.0000,1.0000
1.4484,0.3965,0.0012,-0.0022,-0.0000,1.0000
1.4581,0.4069,0.0014,0.0013,0.0000,1.0000
1.4687,0.3980,0.0028,-0.0027,-0.0000,1.0000
1.4780,0.3940,0.0020,-0.0022,-0.0000,1.0000
1.4886,0.4128,-0.0002,-0.0003,0.0000,1.0000
1.4983,0.3971,0.0043,-0.0052,-0.0000,1.0000
1.5086,0.4043,0.0009,0.0019,0.0000,1.0000
1.5202,0.3967,0.0019,-0.0014,-0.0000,1.0000
1.5309,0.3906,0.0015,-0.0021,-0.0000,1.0000
1.5374,0.3963,0.0024,0.0013,0.0000,1.0000
1.5496,0.3943,0.0003,0.0001,0.0000,1.0000
1.5590,0.3962,-0.0002,-0.0012,0.0000,1.0000
1.5679,0.3995,-0.0001,-0.0010,0.0000,1.0000
1.5778,0.3988,-0.0005,-0.0005,0.0000,1.0000
1.5878,0.3981,0.0001,-0.0030,-0.0000,1.0000
1.5984,0.3940,0.0004,-0.0024,-0.0000,1.0000
1.6085,0.3993,0.0003,-0.0020,-0.0000,1.0000
1.6179,0.4024,0.0004,-0.0002,-0.0000,1.0000
1.6276,0.4000,-0.0003,-0.0003,0.0000,1.0000
1.6385,0.3965,0.0005,-0.0012,-0.0000,1.0000
1.6485,0.3980,-0.0010,-0.0010,0.0000,1.0000
1.6576,0.3972,-0.0014,-0.0007,0.0000,1.0000
1.6683,0.3921,-0.0013,-0.0055,0.0000,1.0000
1.6772,0.3926,-0.0011,-0.0032,0.0000,1.0000
1.6894,0.3945,-0.0002,-0.0020,0.0000,1.0000
1.6979,0.3978,-0.0005,-0.0022,0.0000,1.0000
1.7073,0.4025,-0.0015,-0.0026,0.0000,1.0000
1.7182,0.4058,-0.0013,0.0003,-0.0000,1.0000
1.7281,0.4011,-0.0033,-0.0011,0.0000,1.0000
1.7378,0.3961,-0.0018,-0.0022,0.0000,1.0000
1.7482,0.3948,-0.0016,-0.0031,0.0000,1.0000
1.7586,0.4126,0.0028,0.0049,0.0000,1.0000
1.7673,0.4088,0.0016,0.0040,0.0000,1.0000
1.7775,0.3899,-0.0072,-0.0085,0.0001,0.9999
1.7879,0.3873,-0.0060,-0.0089,0.0001,0.9999
1.7976,0.3943,-0.0055,-0.0071,0.0000,1.0000
1.8077,0.3967,-0.0050,-0.0046,0.0000,1.0000
1.8174,0.3954,-0.0032,-0.0053,0.0000,1.0000
1.8280,0.3961,-0.0026,-0.0047,0.0000,1.0000
1.8379,0.3930,-0.0043,-0.0036,0.0000,1.0000
1.8474,0.3923,-0.0048,-0.0048,0.0000,1.0000
1.8573,0.3962,-0.0045,-0.0050,0.0000,1.0000
1.8683,0.3955,-0.0040,-0.0048,0.0000,1.0000
1.8775,0.4016,-0.0042,-0.0028,0.0000,1.0000
1.8886,0.4010,-0.0037,-0.0027,0.0000,1.0000
1.8982,0.3962,-0.0055,-0.0041,0.0000,1.0000
1.9077,0.3948,-0.0056,-0.0036,0.0000,1.0000
1.9177,0.4000,-0.0035,-0.0050,0.0000,1.0000
1.9276,0.4010,-0.0059,-0.0046,0.0000,1.0000
1.9382,0.3973,-0.0045,-0.0055,0.0000,1.0000
1.9479,0.3956,-0.0056,-0.0055,0.0000,1.0000
1.9584,0.3956,-0.0058,-0.0056,0.0000,1.0000
1.9684,0.4002,-0.0058,-0.0053,0.0000,1.0000
1.9773,0.3996,-0.0046,-0.0047,0.0000,1.0000
1.9873,0.2136,-0.0696,-0.1275,0.0090,0.9894
1.9979,0.2043,-0.0017,0.0278,-0.0000,0.9996
2.0082,0.3742,-0.0136,0.0451,-0.0006,0.9989
2.0188,0.4003,-0.0147,0.0221,-0.0003,0.9996
2.0278,0.3968,-0.0105,0.0060,-0.0001,0.9999
2.0381,0.3972,-0.0055,-0.0046,0.0000,1.0000
2.0478,0.4016,-0.0048,-0.0084,0.0000,1.0000
2.0588,0.4041,-0.0054,-0.0051,0.0000,1.0000
2.0683,0.4050,-0.0045,-0.0045,0.0000,1.0000
2.0783,0.4060,-0.0069,-0.0038,0.0000,1.0000
2.0879,0.4083,-0.0053,-0.0034,0.0000,1.0000
2.0983,0.4011,-0.0049,-0.0059,0.0000,1.0000
2.1085,0.4014,-0.0054,-0.0047,0.0000,1.0000
2.1179,0.4115,-0.0030,-0.0044,0.0000,1.0000
2.1284,0.4114,-0.0020,-0.0040,0.0000,1.0000
2.1377,0.4079,-0.0031,-0.0054,0.0000,1.0000
2.1486,0.4052,-0.0041,-0.0046,0.0000,1.0000
2.1592,0.4061,-0.0038,-0.0054,0.0000,1.0000
2.1680,0.4115,-0.0027,-0.0058,0.0000,1.0000
2.1788,0.4133,-0.0033,-0.0055,0.0000,1.0000
2.1879,0.4091,-0.0018,-0.0058,0.0000,1.0000
2.1985,0.4071,-0.0015,-0.0041,0.0000,1.0000
2.2083,0.4108,-0.0043,-0.0026,0.0000,1.0000
2.2188,0.4191,-0.0015,-0.0030,0.0000,1.0000
2.2280,0.4174,-0.0012,-0.0039,0.0000,1.0000
2.2386,0.4130,-0.0033,-0.0049,0.0000,1.0000
2.2483,0.4124,-0.0009,-0.0042,0.0000,1.0000
2.2591,0.4114,-0.0021,-0.0053,0.0000,1.0000
2.2685,0.4113,-0.0023,-0.0051,0.0000,1.0000
2.2806,0.4076,-0.0013,-0.0036,0.0000,1.0000
2.2906,0.4059,-0.0015,-0.0056,0.0000,1.0000
2.3005,0.4104,-0.0016,-0.0055,0.0000,1.0000
2.3094,0.4163,0.0004,-0.0073,-0.0000,1.0000
2.3198,0.4146,-0.0003,-0.0060,0.0000,1.0000
2.3298,0.4128,-0.0011,-0.0020,0.0000,1.0000
2.3384,0.4117,-0.0036,-0.0024,0.0000,1.0000
2.3487,0.4109,-0.0032,-0.0031,0.0000,1.0000
2.3593,0.4110,-0.0023,-0.0035,0.0000,1.0000
2.3690,0.4162,-0.0026,-0.0030,0.0000,1.0000
2.3787,0.4136,-0.0001,-0.0039,0.0000,1.0000
2.3875,0.4093,-0.0016,-0.0023,0.0000,1.0000
2.3977,0.4073,-0.0025,-0.0026,0.0000,1.0000
2.4084,0.4056,-0.0009,-0.0047,0.0000,1.0000
2.4184,0.4067,-0.0023,-0.0044,0.0000,1.0000
2.4282,0.4082,-0.0040,-0.0036,0.0000,1.0000
2.4394,0.4064,-0.0036,-0.0030,0.0000,1.0000
2.4502,0.4090,-0.0004,-0.0034,0.0000,1.0000
2.4609,0.4077,-0.0006,-0.0031,0.0000,1.0000
2.4700,0.4092,-0.0023,-0.0024,0.0000,1.0000
2.4781,0.4084,-0.0043,-0.0020,0.0000,1.0000
2.4894,0.4155,-0.0029,-0.0005,0.0000,1.0000
2.4993,0.4161,-0.0014,-0.0002,0.0000,1.0000
2.5086,0.4106,-0.0033,-0.0010,0.0000,1.0000
2.5192,0.4088,-0.0033,-0.0018,0.0000,1.0000
2.5296,0.4075,-0.0031,-0.0023,0.0000,1.0000
2.5400,0.4080,-0.0024,-0.0020,0.0000,1.0000
2.5498,0.4026,-0.0002,-0.0033,0.0000,1.0000
2.5593,0.4025,-0.0008,-0.0024,0.0000,1.0000
2.5701,0.4115,-0.0013,0.0010,-0.0000,1.0000
2.5796,0.4042,-0.0000,-0.0004,0.0000,1.0000
2.5894,0.3999,-0.0021,-0.0010,0.0000,1.0000
2.5994,0.4003,-0.0030,-0.0009,0.0000,1.0000
2.6096,0.4027,-0.0018,0.0003,-0.0000,1.0000
2.6193,0.4009,-0.0034,-0.0010,0.0000,1.0000
2.6285,0.4004,-0.0039,-0.0015,0.0000,1.0000
2.6381,0.4012,-0.0040,-0.0014,0.0000,1.0000
2.6483,0.4029,-0.0048,-0.0020,0.0000,1.0000
2.6580,0.4078,-0.0022,-0.0013,0.0000,1.0000
2.6684,0.4075,-0.0028,-0.0013,0.0000,1.0000
2.6775,0.4052,-0.0032,-0.0013,0.0000,1.0000
2.6895,0.4058,-0.0015,0.0022,-0.0000,1.0000
2.6983,0.4035,-0.0033,0.0005,-0.0000,1.0000
2.7089,0.4011,-0.0037,-0.0002,0.0000,1.0000
2.7176,0.3987,-0.0042,0.0004,-0.0000,1.0000
2.7283,0.3940,-0.0030,0.0003,-0.0000,1.0000
2.7383,0.3954,-0.0010,-0.0032,0.0000,1.0000
2.7489,0.4044,-0.0025,-0.0012,0.0000,1.0000
2.7593,0.4055,-0.0033,-0.0008,0.0000,1.0000
2.7692,0.4006,-0.0030,-0.0025,0.0000,1.0000
2.7782,0.3990,-0.0014,-0.0018,0.0000,1.0000
2.7878,0.3970,-0.0024,-0.0006,0.0000,1.0000
2.7989,0.3936,-0.0013,-0.0007,0.0000,1.0000
2.8092,0.3959,-0.0020,-0.0003,0.0000,1.0000
2.8191,0.3958,-0.0039,-0.0017,0.0000,1.0000
2.8291,0.4094,-0.0019,0.0025,-0.0000,1.0000
2.8407,0.4048,-0.0005,0.0000,-0.0000,1.0000
2.8500,0.3964,-0.0012,-0.0015,0.0000,1.0000
2.8598,0.3934,-0.0024,-0.0019,0.0000,1.0000
2.8700,0.4023,0.0003,-0.0014,-0.0000,1.0000
2.8787,0.4011,-0.0014,-0.0020,0.0000,1.0000
2.8902,0.3964,-0.0010,-0.0018,0.0000,1.0000
2.8989,0.3931,-0.0008,-0.0034,0.0000,1.0000
2.9088,0.3940,-0.0029,-0.0035,0.0000,1.0000
2.9179,0.3985,-0.0002,-0.0024,0.0000,1.0000
2.9288,0.3999,-0.0009,-0.0005,0.0000,1.0000
2.9384,0.3991,-0.0007,-0.0009,0.0000,1.0000
2.9485,0.3922,-0.0000,-0.0034,0.0000,1.0000
2.9594,0.3979,0.0016,-0.0050,-0.0000,1.0000
2.9688,0.4028,-0.0002,-0.0037,0.0000,1.0000
2.9785,0.3981,0.0001,-0.0060,-0.0000,1.0000
2.9893,0.3938,-0.0000,-0.0005,0.0000,1.0000
2.9982,0.3976,0.0005,-0.0071,-0.0000,1.0000
3.0084,0.3965,-0.0006,-0.0067,0.0000,1.0000
3.0208,0.3979,-0.0016,-0.0051,0.0000,1.0000
3.0296,0.4006,-0.0021,0.0003,-0.0000,1.0000
3.0387,0.4031,-0.0013,-0.0039,0.0000,1.0000
3.0491,0.3939,-0.0006,-0.0059,0.0000,1.0000
3.0593,0.3972,-0.0022,-0.0050,0.0000,1.0000
3.0691,0.3931,-0.0021,-0.0051,0.0000,1.0000
3.0799,0.4053,-0.0015,-0.0052,0.0000,1.0000
3.0895,0.3972,0.0003,-0.0063,-0.0000,1.0000
3.1002,0.3992,0.0004,-0.0053,-0.0000,1.0000
3.1098,0.3972,-0.0016,-0.0072,0.0000,1.0000
3.1191,0.3943,-0.0017,-0.0074,0.0000,1.0000
3.1298,0.4022,0.0018,-0.0117,-0.0000,0.9999
3.1385,0.4007,0.0015,-0.0092,-0.0000,1.0000
3.1491,0.4045,-0.0030,-0.0093,0.0000,1.0000
3.1592,0.3988,-0.0039,-0.0077,0.0000,1.0000
3.1690,0.3997,-0.0031,-0.0070,0.0000,1.0000
3.1784,0.3894,-0.0048,-0.0063,0.0000,1.0000
3.1884,0.3899,-0.0046,-0.0086,0.0000,1.0000
3.1983,0.3930,-0.0040,-0.0095,0.0000,0.9999
3.2078,0.4036,-0.0012,-0.0099,0.0000,1.0000
3.2179,0.4003,-0.0035,-0.0109,0.0000,0.9999
3.2277,0.3974,-0.0034,-0.0104,0.0000,0.9999
3.2374,0.3979,-0.0023,-0.0099,0.0000,0.9999
3.2483,0.3958,-0.0050,-0.0101,0.0001,0.9999
3.2578,0.4021,-0.0057,-0.0117,0.0001,0.9999
3.2694,0.4039,-0.0040,-0.0108,0.0000,0.9999
3.2783,0.4009,-0.0032,-0.0128,0.0000,0.9999
3.2893,0.3964,-0.0052,-0.0126,0.0001,0.9999
3.2984,0.3974,-0.0062,-0.0125,0.0001,0.9999
3.3083,0.3937,-0.0047,-0.0110,0.0001,0.9999
3.3182,0.3947,-0.0047,-0.0114,0.0001,0.9999
3.3282,0.4011,-0.0029,-0.0122,0.0000,0.9999
3.3384,0.4021,-0.0050,-0.0121,0.0001,0.9999
3.3485,0.4012,-0.0038,-0.0103,0.0000,0.9999
3.3600,0.3978,-0.0055,-0.0115,0.0001,0.9999
3.3695,0.3962,-0.0068,-0.0111,0.0001,0.9999
3.3784,0.3964,-0.0067,-0.0122,0.0001,0.9999
3.3870,0.3966,-0.0074,-0.0124,0.0001,0.9999
3.3978,0.4077,-0.0064,-0.0117,0.0001,0.9999
3.4089,0.4063,-0.0082,-0.0104,0.0001,0.9999
3.4176,0.4039,-0.0088,-0.0139,0.0001,0.9999
3.4281,0.3974,-0.0053,-0.0113,0.0001,0.9999
3.4392,0.3956,-0.0060,-0.0099,0.0001,0.9999
3.4485,0.3980,-0.0073,-0.0118,0.0001,0.9999
3.4583,0.3995,-0.0078,-0.0109,0.0001,0.9999
3.4694,0.4020,-0.0066,-0.0112,0.0001,0.9999
3.4779,0.4063,-0.0083,-0.0110,0.0001,0.9999
3.4882,0.4048,-0.0089,-0.0106,0.0001,0.9999
3.4979,0.4073,-0.0076,-0.0094,0.0001,0.9999
3.5076,0.3996,-0.0049,-0.0107,0.0001,0.9999
3.5182,0.3967,-0.0071,-0.0098,0.0001,0.9999
3.5280,0.4040,-0.0055,-0.0138,0.0001,0.9999
3.5377,0.4016,-0.0081,-0.0120,0.0001,0.9999
3.5482,0.4028,-0.0064,-0.0084,0.0001,0.9999
3.5579,0.4023,-0.0070,-0.0078,0.0001,0.9999
3.5672,0.4026,-0.0095,-0.0082,0.0001,0.9999
3.5776,0.4000,-0.0124,-0.0096,0.0001,0.9999
3.5879,0.3961,-0.0105,-0.0072,0.0001,0.9999
3.5978,0.3979,-0.0089,-0.0065,0.0001,0.9999
3.6079,0.3944,-0.0086,-0.0074,0.0001,0.9999
3.6183,0.4087,-0.0056,-0.0081,0.0000,1.0000
3.6273,0.4051,-0.0060,-0.0059,0.0000,1.0000
3.6380,0.4012,-0.0077,-0.0062,0.0000,1.0000
3.6473,0.3987,-0.0116,-0.0073,0.0001,0.9999
3.6577,0.4016,-0.0154,-0.0026,0.0000,0.9999
3.6685,0.3982,-0.0111,-0.0039,0.0000,0.9999
3.6776,0.3964,-0.0101,-0.0041,0.0000,0.9999
3.6884,0.3962,-0.0096,-0.0077,0.0001,0.9999
3.6977,0.3988,-0.0073,-0.0067,0.0000,1.0000
3.7080,0.4028,-0.0075,-0.0049,0.0000,1.0000
3.7180,0.4039,-0.0098,-0.0039,0.0000,0.9999
3.7285,0.4005,-0.0092,-0.0028,0.0000,1.0000
3.7383,0.3968,-0.0122,-0.0030,0.0000,0.9999
3.7477,0.4122,-0.0105,-0.0021,0.0000,0.9999
3.7586,0.4013,-0.0094,-0.0048,0.0000,0.9999
3.7676,0.4002,-0.0103,0.0002,-0.0000,0.9999
3.7779,0.3977,-0.0093,-0.0025,0.0000,1.0000
3.7874,0.3940,-0.0110,-0.0024,0.0000,0.9999
3.7976,0.3924,-0.0117,-0.0011,0.0000,0.9999
3.8073,0.4044,-0.0088,-0.0032,0.0000,1.0000
3.8175,0.4009,-0.0108,-0.0008,0.0000,0.9999
3.8276,0.3998,-0.0108,-0.0001,0.0000,0.9999
3.8373,0.4016,-0.0120,0.0004,-0.0000,0.9999
3.8478,0.4006,-0.0093,-0.0007,0.0000,1.0000
3.8585,0.3962,-0.0095,-0.0005,0.0000,1.0000
3.8680,0.3966,-0.0109,0.0002,-0.0000,0.9999
3.8793,0.4046,-0.0118,0.0016,-0.0000,0.9999
3.8885,0.4076,-0.0101,0.0038,-0.0000,0.9999
3.8991,0.4058,-0.0104,0.0010,-0.0000,0.9999
3.9078,0.4039,-0.0102,0.0023,-0.0000,0.9999
3.9179,0.4023,-0.0109,0.0026,-0.0000,0.9999
3.9273,0.3949,-0.0112,0.0012,-0.0000,0.9999
3.9371,0.4001,-0.0128,0.0020,-0.0000,0.9999
3.9487,0.4056,-0.0103,0.0013,-0.0000,0.9999
3.9584,0.4028,-0.0097,0.0028,-0.0000,0.9999
3.9686,0.4057,-0.0118,0.0028,-0.0000,0.9999
3.9778,0.4041,-0.0106,0.0034,-0.0000,0.9999
3.9872,0.4004,-0.0081,0.0016,-0.0000,1.0000
3.9979,0.4076,-0.0102,0.0049,-0.0000,0.9999
4.0080,0.3999,-0.0111,0.0026,-0.0000,0.9999
4.0189,0.3919,-0.0104,0.0003,-0.0000,0.9999
4.0291,0.3989,-0.0097,0.0021,-0.0000,1.0000
4.0379,0.4053,-0.0101,0.0059,-0.0001,0.9999
4.0477,0.4055,-0.0092,0.0056,-0.0001,0.9999
4.0579,0.4069,-0.0091,0.0040,-0.0000,1.0000
4.0690,0.4042,-0.0077,0.0022,-0.0000,1.0000
4.0778,0.3998,-0.0076,0.0027,-0.0000,1.0000
4.0886,0.4072,-0.0083,0.0056,-0.0000,0.9999
4.0976,0.4092,-0.0091,0.0047,-0.0000,0.9999
4.1085,0.4044,-0.0086,0.0053,-0.0000,0.9999
4.1182,0.4028,-0.0082,0.0053,-0.0000,1.0000
4.1284,0.4007,-0.0072,0.0033,-0.0000,1.0000
4.1374,0.3957,-0.0055,0.0034,-0.0000,1.0000
4.1481,0.3982,-0.0064,0.0051,-0.0000,1.0000
4.1580,0.3996,-0.0069,0.0062,-0.0000,1.0000
4.1685,0.4019,-0.0046,0.0074,-0.0000,1.0000
4.1786,0.4007,-0.0063,0.0062,-0.0000,1.0000
4.1871,0.3999,-0.0056,0.0058,-0.0000,1.0000
4.1981,0.4078,-0.0089,0.0079,-0.0001,0.9999
4.2079,0.4040,-0.0067,0.0057,-0.0000,1.0000
4.2181,0.3981,-0.0029,0.0052,-0.0000,1.0000
4.2286,0.3977,-0.0034,0.0064,-0.0000,1.0000
4.2375,0.4001,-0.0017,0.0068,-0.0000,1.0000
4.2490,0.3996,-0.0039,0.0061,-0.0000,1.0000
4.2574,0.4008,-0.0051,0.0067,-0.0000,1.0000
4.2686,0.4030,-0.0046,0.0069,-0.0000,1.0000
4.2782,0.4014,-0.0022,0.0058,-0.0000,1.0000
4.2892,0.4035,-0.0019,0.0068,-0.0000,1.0000
4.2983,0.4025,-0.0039,0.0078,-0.0000,1.0000
4.3079,0.4015,-0.0033,0.0077,-0.0000,1.0000
4.3183,0.3998,-0.0008,0.0079,-0.0000,1.0000
4.3285,0.3992,0.0014,0.0069,0.0000,1.0000
4.3385,0.4001,-0.0011,0.0057,-0.0000,1.0000
4.3490,0.4024,0.0002,0.0081,0.0000,1.0000
4.3625,0.4014,0.0002,0.0077,0.0000,1.0000
4.3693,0.4024,0.0007,0.0077,0.0000,1.0000
4.3778,0.4024,0.0015,0.0089,0.0000,1.0000
4.3880,0.4012,0.0034,0.0084,0.0000,1.0000
4.3979,0.4016,0.0009,0.0076,0.0000,1.0000
4.4088,0.3982,0.0003,0.0073,0.0000,1.0000
4.4183,0.4017,0.0030,0.0079,0.0000,1.0000
4.4285,0.4027,0.0039,0.0083,0.0000,1.0000
4.4394,0.4014,0.0042,0.0074,0.0000,1.0000
4.4470,0.4072,0.0037,0.0088,0.0000,1.0000
4.4580,0.4076,0.0042,0.0096,0.0000,0.9999
4.4686,0.4041,0.0060,0.0072,0.0000,1.0000
4.4777,0.4047,0.0050,0.0062,0.0000,1.0000
4.4889,0.4032,0.0039,0.0082,0.0000,1.0000
4.4980,0.4045,0.0038,0.0116,0.0000,0.9999
4.5082,0.4062,0.0042,0.0094,0.0000,0.9999
4.5172,0.4050,0.0025,0.0092,0.0000,1.0000
4.5283,0.4041,0.0042,0.0083,0.0000,1.0000
4.5377,0.4034,0.0057,0.0090,0.0001,0.9999
4.5483,0.4046,0.0076,0.0102,0.0001,0.9999
4.5590,0.4067,0.0054,0.0099,0.0001,0.9999
4.5693,0.4048,0.0064,0.0092,0.0001,0.9999
4.5783,0.4022,0.0056,0.0085,0.0000,0.9999
4.5889,0.4077,0.0043,0.0110,0.0000,0.9999
4.5978,0.4101,0.0049,0.0091,0.0000,0.9999
4.6083,0.4050,0.0112,0.0073,0.0001,0.9999
4.6175,0.4067,0.0094,0.0106,0.0001,0.9999
4.6283,0.4018,0.0076,0.0083,0.0001,0.9999
4.6381,0.4031,0.0070,0.0088,0.0001,0.9999
4.6485,0.4043,0.0075,0.0086,0.0001,0.9999
4.6579,0.4050,0.0081,0.0094,0.0001,0.9999
4.6679,0.4041,0.0089,0.0091,0.0001,0.9999
4.6769,0.4065,0.0088,0.0098,0.0001,0.9999
4.6908,0.4089,0.0078,0.0092,0.0001,0.9999
4.6976,0.4100,0.0072,0.0104,0.0001,0.9999
4.7069,0.4064,0.0073,0.0098,0.0001,0.9999
4.7176,0.4195,0.0084,0.0058,0.0000,0.9999
4.7282,0.4164,0.0094,0.0081,0.0001,0.9999
4.7377,0.4078,0.0088,0.0105,0.0001,0.9999
4.7472,0.4039,0.0076,0.0082,0.0001,0.9999
4.7582,0.4061,0.0072,0.0081,0.0001,0.9999
4.7680,0.4126,0.0053,0.0093,0.0000,0.9999
4.7774,0.4121,0.0058,0.0093,0.0001,0.9999
4.7872,0.4109,0.0065,0.0084,0.0001,0.9999
4.7970,0.4110,0.0094,0.0088,0.0001,0.9999
4.8080,0.4092,0.0085,0.0068,0.0001,0.9999
4.8177,0.4092,0.0076,0.0078,0.0001,0.9999
4.8284,0.4119,0.0049,0.0082,0.0000,1.0000
4.8382,0.4117,0.0039,0.0078,0.0000,1.0000
4.8480,0.4125,0.0050,0.0079,0.0000,1.0000
4.8588,0.4116,0.0057,0.0081,0.0000,1.0000
4.8679,0.4139,0.0056,0.0068,0.0000,1.0000
4.8786,0.4098,0.0056,0.0060,0.0000,1.0000
4.8891,0.4131,0.0035,0.0067,0.0000,1.0000
4.8985,0.4206,0.0046,0.0064,0.0000,1.0000
4.9086,0.4188,0.0049,0.0065,0.0000,1.0000
4.9183,0.4237,0.0045,0.0084,0.0000,1.0000
4.9283,0.4199,0.0046,0.0082,0.0000,1.0000
4.9384,0.4192,0.0038,0.0070,0.0000,1.0000
4.9485,0.4157,0.0028,0.0027,0.0000,1.0000
4.9580,0.4107,0.0039,0.0044,0.0000,1.0000
4.9778,0.4126,0.0024,0.0067,0.0000,1.0000
4.9818,0.4135,0.0029,0.0058,0.0000,1.0000
4.9878,0.4169,0.0025,0.0046,0.0000,1.0000
4.9986,0.4183,0.0024,0.0045,0.0000,1.0000
5.0080,0.4185,0.0021,0.0042,0.0000,1.0000
5.0189,0.4195,0.0032,0.0052,0.0000,1.0000
5.0327,0.4157,0.0000,0.0053,0.0000,1.0000
5.0382,0.4165,-0.0010,0.0034,-0.0000,1.0000
5.0478,0.4171,-0.0008,0.0024,-0.0000,1.0000
5.0579,0.4177,-0.0004,0.0027,-0.0000,1.0000
5.0687,0.4187,-0.0006,0.0020,-0.0000,1.0000
5.0783,0.4196,-0.0008,0.0032,-0.0000,1.0000
5.0891,0.4172,-0.0011,0.0028,-0.0000,1.0000
5.0978,0.4212,-0.0017,0.0019,-0.0000,1.0000
5.1081,0.4190,-0.0017,0.0021,-0.0000,1.0000
5.1180,0.4210,-0.0024,0.0011,-0.0000,1.0000
5.1281,0.4209,-0.0030,0.0013,-0.0000,1.0000
5.1386,0.4193,-0.0030,0.0004,-0.0000,1.0000
5.1489,0.4190,-0.0028,0.0013,-0.0000,1.0000
5.1586,0.4215,-0.0035,0.0013,-0.0000,1.0000
5.1692,0.4245,-0.0027,0.0014,-0.0000,1.0000
5.1783,0.4225,-0.0056,-0.0002,0.0000,1.0000
5.1873,0.4200,-0.0047,-0.0015,0.0000,1.0000
5.1980,0.4184,-0.0025,-0.0017,0.0000,1.0000
5.2084,0.4212,-0.0055,-0.0007,0.0000,1.0000
5.2175,0.4214,-0.0062,-0.0014,0.0000,1.0000
5.2285,0.4219,-0.0059,-0.0012,0.0000,1.0000
5.2383,0.4237,-0.0066,-0.0029,0.0000,1.0000
5.2477,0.4214,-0.0069,-0.0037,0.0000,1.0000
5.2581,0.4217,-0.0048,-0.0031,0.0000,1.0000
5.2683,0.4226,-0.0070,-0.0030,0.0000,1.0000
5.2783,0.4241,-0.0067,-0.0045,0.0000,1.0000
5.2888,0.4224,-0.0078,-0.0048,0.0000,1.0000
5.2981,0.4228,-0.0088,-0.0047,0.0000,1.0000
5.3083,0.4249,-0.0105,-0.0049,0.0001,0.9999
5.3176,0.4221,-0.0079,-0.0053,0.0000,1.0000
5.3282,0.4179,-0.0051,-0.0060,0.0000,1.0000
5.3380,0.4187,-0.0066,-0.0064,0.0000,1.0000
5.3516,0.4183,-0.0047,-0.0057,0.0000,1.0000
5.3589,0.4208,-0.0071,-0.0062,0.0000,1.0000
5.3673,0.4203,-0.0082,-0.0076,0.0001,0.9999
5.3780,0.4267,-0.0076,-0.0051,0.0000,1.0000
5.3881,0.4135,-0.0092,-0.0066,0.0001,0.9999
5.3980,0.4111,-0.0085,-0.0067,0.0001,0.9999
5.4083,0.4145,-0.0082,-0.0061,0.0001,0.9999
5.4177,0.4188,-0.0084,-0.0074,0.0001,0.9999
5.4281,0.4169,-0.0070,-0.0083,0.0001,0.9999
5.4389,0.4172,-0.0072,-0.0082,0.0001,0.9999
5.4481,0.4171,-0.0085,-0.0075,0.0001,0.9999
5.4583,0.4179,-0.0069,-0.0079,0.0001,0.9999
5.4687,0.4174,-0.0067,-0.0083,0.0001,0.9999
5.4776,0.4157,-0.0067,-0.0089,0.0001,0.9999
5.4885,0.4148,-0.0065,-0.0085,0.0001,0.9999
5.4981,0.4159,-0.0078,-0.0078,0.0001,0.9999
5.5084,0.4247,-0.0066,-0.0051,0.0000,1.0000
5.5186,0.4154,-0.0073,-0.0070,0.0001,0.9999
5.5275,0.4114,-0.0070,-0.0089,0.0001,0.9999
5.5387,0.4135,-0.0053,-0.0077,0.0000,1.0000
5.5477,0.4173,-0.0076,-0.0067,0.0001,0.9999
5.5586,0.4149,-0.0096,-0.0077,0.0001,0.9999
5.5694,0.4146,-0.0084,-0.0084,0.0001,0.9999
5.5782,0.4104,-0.0071,-0.0100,0.0001,0.9999
5.5879,0.4102,-0.0071,-0.0098,0.0001,0.9999
5.5984,0.4084,-0.0031,-0.0124,0.0000,0.9999
5.6087,0.4079,-0.0048,-0.0115,0.0001,0.9999
5.6182,0.4118,-0.0079,-0.0103,0.0001,0.9999
5.6285,0.4149,-0.0081,-0.0083,0.0001,0.9999
5.6383,0.4076,-0.0055,-0.0091,0.0000,0.9999
5.6474,0.4057,-0.0067,-0.0100,0.0001,0.9999
5.6583,0.4125,-0.0081,-0.0070,0.0001,0.9999
5.6685,0.4127,-0.0086,-0.0071,0.0001,0.9999
5.6780,0.4103,-0.0070,-0.0030,0.0000,1.0000
5.6886,0.4037,-0.0079,-0.0060,0.0000,1.0000
5.6973,0.4044,-0.0078,-0.0089,0.0001,0.9999
5.7086,0.4085,-0.0069,-0.0095,0.0001,0.9999
5.7180,0.4114,-0.0075,-0.0073,0.0001,0.9999
5.7289,0.4088,-0.0085,-0.0062,0.0001,0.9999
5.7376,0.4119,-0.0082,-0.0069,0.0001,0.9999
5.7490,0.4093,-0.0064,-0.0068,0.0000,1.0000
5.7594,0.4114,-0.0049,-0.0065,0.0000,1.0000
5.7689,0.4042,-0.0068,-0.0079,0.0001,0.9999
5.7782,0.4047,-0.0084,-0.0066,0.0001,0.9999
5.7882,0.4160,-0.0033,-0.0078,0.0000,1.0000
5.7978,0.4142,-0.0047,-0.0072,0.0000,1.0000
5.8085,0.4075,-0.0054,-0.0064,0.0000,1.0000
5.8180,0.4021,-0.0080,-0.0081,0.0001,0.9999
5.8280,0.4023,-0.0090,-0.0074,0.0001,0.9999
5.8391,0.4042,-0.0089,-0.0063,0.0001,0.9999
5.8482,0.4071,-0.0072,-0.0049,0.0000,1.0000
5.8579,0.3999,-0.0071,-0.0025,0.0000,1.0000
5.8691,0.4016,-0.0055,-0.0023,0.0000,1.0000
5.8785,0.4052,-0.0075,-0.0043,0.0000,1.0000
5.8891,0.4070,-0.0078,-0.0049,0.0000,1.0000
5.8983,0.4037,-0.0063,-0.0034,0.0000,1.0000
5.9081,0.4076,-0.0035,-0.0050,0.0000,1.0000
5.9181,0.4066,-0.0050,-0.0011,0.0000,1.0000
5.9283,0.4026,-0.0070,-0.0015,0.0000,1.0000
5.9386,0.4032,-0.0091,-0.0014,0.0000,1.0000
5.9481,0.4080,-0.0065,-0.0017,0.0000,1.0000
5.9579,0.4051,-0.0060,-0.0006,0.0000,1.0000
5.9686,0.4026,-0.0072,0.0008,-0.0000,1.0000
5.9779,0.4050,-0.0058,0.0010,-0.0000,1.0000
5.9882,0.4126,-0.0090,0.0028,-0.0000,1.0000
5.9977,0.3996,-0.0061,-0.0011,0.0000,1.0000
6.0081,0.4005,-0.0070,-0.0001,0.0000,1.0000
6.0188,0.4053,-0.0071,0.0003,-0.0000,1.0000
6.0284,0.4107,-0.0071,0.0014,-0.0000,1.0000
6.0381,0.4091,-0.0061,0.0020,-0.0000,1.0000
6.0473,0.4023,-0.0085,0.0033,-0.0000,1.0000
6.0590,0.4093,-0.0051,-0.0010,0.0000,1.0000
6.0682,0.4095,-0.0045,0.0017,-0.0000,1.0000
6.0782,0.4030,-0.0058,0.0043,-0.0000,1.0000
6.0882,0.4020,-0.0091,0.0051,-0.0000,0.9999
6.0986,0.4021,-0.0077,0.0039,-0.0000,1.0000
6.1086,0.4029,-0.0044,0.0045,-0.0000,1.0000
6.1183,0.4156,-0.0048,0.0034,-0.0000,1.0000
6.1288,0.4071,-0.0091,0.0054,-0.0000,0.9999
6.1375,0.4044,-0.0081,0.0057,-0.0000,1.0000
6.1472,0.3983,-0.0072,0.0046,-0.0000,1.0000
6.1582,0.4017,-0.0057,0.0035,-0.0000,1.0000
6.1681,0.4104,-0.0089,0.0059,-0.0001,0.9999
6.1781,0.4099,-0.0078,0.0056,-0.0000,1.0000
6.1880,0.4062,-0.0057,0.0067,-0.0000,1.0000
6.1978,0.4119,-0.0024,0.0037,-0.0000,1.0000
6.2083,0.4080,-0.0037,0.0029,-0.0000,1.0000
6.2186,0.4085,-0.0082,0.0030,-0.0000,1.0000
6.2282,0.4009,-0.0061,0.0038,-0.0000,1.0000
6.2376,0.3990,-0.0074,0.0072,-0.0001,0.9999
6.2481,0.4121,-0.0050,0.0063,-0.0000,1.0000
6.2583,0.4072,-0.0049,0.0042,-0.0000,1.0000
6.2692,0.4115,-0.0074,0.0054,-0.0000,1.0000
6.2784,0.4098,-0.0075,0.0093,-0.0001,0.9999
6.2884,0.4122,-0.0044,0.0061,-0.0000,1.0000
6.2991,0.4098,-0.0045,0.0060,-0.0000,1.0000
6.3079,0.4104,-0.0048,0.0073,-0.0000,1.0000
6.3188,0.4026,-0.0061,0.0080,-0.0000,0.9999
6.3288,0.4073,-0.0056,0.0074,-0.0000,1.0000
6.3385,0.4083,-0.0048,0.0080,-0.0000,1.0000
6.3486,0.3979,-0.0029,0.0033,-0.0000,1.0000
6.3586,0.4018,-0.0011,0.0045,-0.0000,1.0000
6.3692,0.4136,-0.0023,0.0077,-0.0000,1.0000
6.3778,0.4207,-0.0030,0.0095,-0.0000,1.0000
6.3872,0.4124,-0.0007,0.0080,-0.0000,1.0000
6.3976,0.4144,-0.0006,0.0022,-0.0000,1.0000
6.4086,0.4045,-0.0018,0.0057,-0.0000,1.0000
6.4177,0.4084,-0.0002,0.0098,-0.0000,1.0000
6.4282,0.4048,-0.0030,0.0076,-0.0000,1.0000
6.4387,0.4172,-0.0026,0.0102,-0.0000,0.9999
6.4481,0.4164,-0.0024,0.0094,-0.0000,1.0000
6.4579,0.4051,-0.0002,0.0053,-0.0000,1.0000
6.4684,0.4188,0.0003,0.0075,0.0000,1.0000
6.4779,0.4062,-0.0005,0.0059,-0.0000,1.0000
6.4882,0.4066,0.0001,0.0062,0.0000,1.0000
6.4979,0.4092,0.0003,0.0047,0.0000,1.0000
6.5082,0.4130,-0.0001,0.0047,-0.0000,1.0000
6.5174,0.4183,-0.0005,0.0120,-0.0000,0.9999
6.5277,0.4086,-0.0017,0.0069,-0.0000,1.0000
6.5377,0.4093,-0.0015,0.0058,-0.0000,1.0000
6.5483,0.4148,0.0012,0.0054,0.0000,1.0000
6.5589,0.4168,0.0007,0.0057,0.0000,1.0000
6.5674,0.4140,0.0017,0.0064,0.0000,1.0000
6.5778,0.4157,0.0007,0.0066,0.0000,1.0000
6.5873,0.4161,0.0008,0.0061,0.0000,1.0000
6.5986,0.4190,0.0026,0.0069,0.0000,1.0000
6.6084,0.4157,0.0006,0.0061,0.0000,1.0000
6.6177,0.4178,0.0010,0.0047,0.0000,1.0000
6.6278,0.4161,0.0012,0.0065,0.0000,1.0000
6.6383,0.4165,0.0005,0.0068,0.0000,1.0000
6.6480,0.4227,-0.0009,0.0065,-0.0000,1.0000
6.6581,0.4253,-0.0009,0.0131,-0.0000,0.9999
6.6685,0.4186,0.0019,0.0117,0.0000,0.9999
6.6780,0.4111,0.0015,0.0067,0.0000,1.0000
6.6888,0.4128,0.0014,0.0052,0.0000,1.0000
6.6978,0.4154,0.0015,0.0062,0.0000,1.0000
6.7082,0.4131,0.0016,0.0060,0.0000,1.0000
6.7181,0.4227,0.0038,0.0083,0.0000,1.0000
6.7291,0.4227,0.0007,0.0068,0.0000,1.0000
6.7382,0.4188,0.0006,0.0089,0.0000,1.0000
6.7479,0.4163,0.0020,0.0055,0.0000,1.0000
6.7591,0.4166,0.0030,0.0044,0.0000,1.0000
6.7683,0.4180,0.0010,0.0053,0.0000,1.0000
6.7776,0.4183,0.0024,0.0084,0.0000,1.0000
6.7876,0.4164,0.0031,0.0073,0.0000,1.0000
6.7977,0.4176,0.0031,0.0064,0.0000,1.0000
6.8084,0.4191,0.0019,0.0073,0.0000,1.0000
6.8179,0.4164,0.0022,0.0074,0.0000,1.0000
6.8281,0.4219,0.0056,0.0071,0.0000,1.0000
6.8393,0.4141,0.0026,0.0095,0.0000,1.0000
6.8474,0.4144,0.0014,0.0093,0.0000,1.0000
6.8580,0.4139,0.0034,0.0088,0.0000,1.0000
6.8680,0.4123,0.0032,0.0077,0.0000,1.0000
6.8778,0.4125,0.0032,0.0076,0.0000,1.0000
6.8888,0.4190,0.0064,0.0087,0.0001,0.9999
6.8983,0.4193,0.0032,0.0074,0.0000,1.0000
6.9073,0.4145,0.0048,0.0071,0.0000,1.0000
6.9180,0.4112,0.0043,0.0070,0.0000,1.0000
6.9288,0.4215,0.0068,0.0089,0.0001,0.9999
6.9384,0.4159,0.0065,0.0082,0.0001,0.9999
6.9483,0.4159,0.0031,0.0067,0.0000,1.0000
6.9580,0.4121,0.0049,0.0064,0.0000,1.0000
6.9677,0.4090,0.0053,0.0075,0.0000,1.0000
6.9779,0.4092,0.0055,0.0059,0.0000,1.0000
6.9880,0.4111,0.0063,0.0050,0.0000,1.0000
6.9983,0.4182,0.0054,0.0074,0.0000,1.0000
7.0081,0.4157,0.0068,0.0073,0.0000,1.0000
7.0185,0.4120,0.0063,0.0076,0.0000,1.0000
7.0277,0.4158,0.0071,0.0053,0.0000,1.0000
7.0391,0.4112,0.0068,0.0066,0.0000,1.0000
7.0482,0.4120,0.0052,0.0066,0.0000,1.0000
7.0576,0.4138,0.0044,0.0056,0.0000,1.0000
7.0682,0.4134,0.0069,0.0052,0.0000,1.0000
7.0782,0.4091,0.0067,0.0054,0.0000,1.0000
7.0887,0.4091,0.0059,0.0042,0.0000,1.0000
7.0977,0.4113,0.0058,0.0036,0.0000,1.0000
7.1079,0.4175,0.0036,0.0044,0.0000,1.0000
7.1180,0.4129,0.0058,0.0046,0.0000,1.0000
7.1287,0.4087,0.0047,0.0044,0.0000,1.0000
7.1388,0.4159,0.0050,0.0024,0.0000,1.0000
7.1481,0.4148,0.0051,0.0022,0.0000,1.0000
7.1585,0.4167,0.0060,0.0046,0.0000,1.0000
7.1677,0.4077,0.0057,0.0013,0.0000,1.0000
7.1789,0.4067,0.0039,0.0002,0.0000,1.0000
7.1883,0.4161,0.0057,-0.0000,-0.0000,1.0000
7.1986,0.4170,0.0027,0.0006,0.0000,1.0000
7.2083,0.4110,0.0040,0.0001,0.0000,1.0000
7.2177,0.4112,0.0044,-0.0013,-0.0000,1.0000
7.2285,0.4117,0.0042,-0.0032,-0.0000,1.0000
7.2368,0.4137,0.0027,-0.0025,-0.0000,1.0000
7.2479,0.4127,0.0034,-0.0012,-0.0000,1.0000
7.2575,0.4216,0.0067,0.0068,0.0000,1.0000
7.2683,0.4152,0.0022,-0.0031,-0.0000,1.0000
7.2787,0.4087,-0.0020,-0.0040,0.0000,1.0000
7.2888,0.4049,0.0000,-0.0035,-0.0000,1.0000
7.2979,0.4218,-0.0002,-0.0021,0.0000,1.0000
7.3076,0.4136,0.0011,-0.0037,-0.0000,1.0000
7.3177,0.4087,0.0023,-0.0063,-0.0000,1.0000
7.3284,0.4089,0.0031,-0.0079,-0.0000,1.0000
7.3386,0.4109,0.0006,-0.0041,-0.0000,1.0000
7.3481,0.4128,-0.0008,-0.0037,0.0000,1.0000
7.3582,0.4068,-0.0017,-0.0022,0.0000,1.0000
7.3684,0.4143,0.0011,-0.0028,-0.0000,1.0000
7.3783,0.4141,-0.0015,-0.0046,0.0000,1.0000
7.3876,0.4124,-0.0018,-0.0043,0.0000,1.0000
7.3972,0.4179,-0.0016,-0.0086,0.0000,1.0000
7.4082,0.4194,-0.0006,-0.0075,0.0000,1.0000
7.4180,0.4125,0.0009,-0.0073,-0.0000,1.0000
7.4283,0.4108,-0.0022,-0.0046,0.0000,1.0000
7.4391,0.4249,-0.0048,-0.0017,0.0000,1.0000
7.4480,0.4151,-0.0016,-0.0028,0.0000,1.0000
7.4586,0.4100,-0.0011,-0.0091,0.0000,1.0000
7.4680,0.4117,-0.0034,-0.0094,0.0000,0.9999
7.4780,0.4214,-0.0029,-0.0088,0.0000,1.0000
7.4879,0.4157,-0.0064,-0.0040,0.0000,1.0000
7.4981,0.4150,-0.0029,-0.0042,0.0000,1.0000
7.5077,0.4154,-0.0051,-0.0064,0.0000,1.0000
7.5182,0.4137,-0.0038,-0.0073,0.0000,1.0000
7.5277,0.4099,-0.0019,-0.0100,0.0000,0.9999
7.5375,0.4089,-0.0010,-0.0081,0.0000,1.0000
7.5487,0.4094,-0.0042,-0.0088,0.0000,1.0000
7.5582,0.4120,-0.0057,-0.0087,0.0000,0.9999
7.5682,0.4176,-0.0051,-0.0085,0.0000,1.0000
7.5781,0.4153,-0.0037,-0.0087,0.0000,1.0000
7.5879,0.4132,-0.0026,-0.0082,0.0000,1.0000
7.5975,0.4138,-0.0052,-0.0092,0.0000,0.9999
7.6084,0.4160,-0.0023,-0.0116,0.0000,0.9999
7.6175,0.4168,-0.0033,-0.0098,0.0000,0.9999
7.6277,0.4185,-0.0026,-0.0079,0.0000,1.0000
7.6383,0.4134,-0.0025,-0.0086,0.0000,1.0000
7.6471,0.4104,-0.0050,-0.0059,0.0000,1.0000
7.6577,0.4105,-0.0049,-0.0068,0.0000,1.0000
7.6679,0.4129,-0.0047,-0.0082,0.0000,1.0000
7.6772,0.4178,-0.0024,-0.0097,0.0000,1.0000
7.6883,0.4173,-0.0023,-0.0094,0.0000,1.0000
7.6982,0.4146,-0.0021,-0.0113,0.0000,0.9999
7.7082,0.4126,-0.0017,-0.0103,0.0000,0.9999
7.7178,0.4124,-0.0014,-0.0105,0.0000,0.9999
7.7288,0.4127,-0.0017,-0.0089,0.0000,1.0000
7.7371,0.4171,0.0008,-0.0148,-0.0000,0.9999
7.7476,0.4161,-0.0010,-0.0144,0.0000,0.9999
7.7586,0.4162,-0.0000,-0.0115,0.0000,0.9999
7.7676,0.4163,-0.0017,-0.0113,0.0000,0.9999
7.7778,0.4177,-0.0024,-0.0137,0.0000,0.9999
7.7878,0.4177,-0.0019,-0.0081,0.0000,1.0000
7.7974,0.4188,0.0000,-0.0087,-0.0000,1.0000
7.8077,0.4159,-0.0010,-0.0113,0.0000,0.9999
7.8174,0.4145,-0.0008,-0.0129,0.0000,0.9999
7.8282,0.4172,0.0015,-0.0129,-0.0000,0.9999
7.8384,0.4109,0.0002,-0.0141,-0.0000,0.9999
7.8479,0.4088,0.0009,-0.0152,-0.0000,0.9999
7.8578,0.4139,0.0003,-0.0138,-0.0000,0.9999
7.8680,0.4147,-0.0001,-0.0154,0.0000,0.9999
7.8780,0.4162,0.0015,-0.0142,-0.0000,0.9999
7.8882,0.4157,0.0016,-0.0144,-0.0000,0.9999
7.8985,0.4212,0.0003,-0.0130,-0.0000,0.9999
7.9077,0.4219,-0.0007,-0.0131,0.0000,0.9999
7.9177,0.4178,0.0015,-0.0137,-0.0000,0.9999
7.9280,0.4177,0.0020,-0.0148,-0.0000,0.9999
7.9372,0.4149,0.0016,-0.0162,-0.0000,0.9999
7.9473,0.4125,0.0045,-0.0193,-0.0001,0.9998
7.9583,0.4177,0.0021,-0.0167,-0.0000,0.9999
7.9686,0.4177,0.0020,-0.0153,-0.0000,0.9999
7.9776,0.4174,0.0029,-0.0161,-0.0000,0.9999
7.9876,0.4150,0.0038,-0.0171,-0.0001,0.9998
7.9982,0.4190,0.0013,-0.0150,-0.0000,0.9999
8.0076,0.4227,0.0028,-0.0163,-0.0000,0.9999
8.0185,0.4139,0.0033,-0.0192,-0.0001,0.9998
8.0281,0.4143,0.0023,-0.0191,-0.0000,0.9998
8.0380,0.4126,0.0030,-0.0207,-0.0001,0.9998
8.0485,0.4208,0.0015,-0.0165,-0.0000,0.9999
8.0576,0.4182,0.0038,-0.0173,-0.0001,0.9998
8.0686,0.4164,0.0012,-0.0178,-0.0000,0.9998
8.0775,0.4154,0.0017,-0.0196,-0.0000,0.9998
8.0881,0.4165,0.0037,-0.0190,-0.0001,0.9998
8.0986,0.4154,0.0021,-0.0194,-0.0000,0.9998
8.1079,0.4127,0.0016,-0.0198,-0.0000,0.9998
8.1180,0.4140,0.0019,-0.0179,-0.0000,0.9998
8.1280,0.4167,0.0021,-0.0161,-0.0000,0.9999
8.1372,0.4189,0.0051,-0.0189,-0.0001,0.9998
8.1484,0.4186,0.0043,-0.0210,-0.0001,0.9998
8.1583,0.4188,0.0011,-0.0199,-0.0000,0.9998
8.1683,0.4176,0.0008,-0.0189,-0.0000,0.9998
8.1778,0.4099,0.0022,-0.0179,-0.0000,0.9998
8.1874,0.4134,0.0030,-0.0151,-0.0000,0.9999
8.1973,0.4167,0.0019,-0.0159,-0.0000,0.9999
8.2082,0.4193,0.0011,-0.0175,-0.0000,0.9998
8.2172,0.4188,0.0004,-0.0178,-0.0000,0.9998
8.2278,0.4138,0.0011,-0.0191,-0.0000,0.9998
8.2381,0.4126,0.0016,-0.0175,-0.0000,0.9998
8.2486,0.4043,0.0005,-0.0178,-0.0000,0.9998
8.2574,0.4178,0.0000,-0.0169,-0.0000,0.9999
8.2682,0.4133,-0.0007,-0.0185,0.0000,0.9998
8.2780,0.4122,-0.0005,-0.0188,0.0000,0.9998
8.2880,0.4096,-0.0019,-0.0173,0.0000,0.9998
8.2980,0.4123,-0.0003,-0.0216,0.0000,0.9998
8.3070,0.4141,-0.0019,-0.0185,0.0000,0.9998
8.3176,0.4094,-0.0020,-0.0170,0.0000,0.9999
8.3280,0.4221,-0.0021,-0.0134,0.0000,0.9999
8.3379,0.4179,-0.0015,-0.0150,0.0000,0.9999
8.3481,0.4102,-0.0035,-0.0167,0.0001,0.9999
8.3589,0.4142,-0.0009,-0.0176,0.0000,0.9998
8.3677,0.4159,-0.0027,-0.0171,0.0000,0.9999
8.3773,0.4175,-0.0037,-0.0180,0.0001,0.9998
8.3873,0.4170,-0.0058,-0.0167,0.0001,0.9998
8.3972,0.4111,-0.0078,-0.0155,0.0001,0.9998
8.4075,0.4107,-0.0035,-0.0221,0.0001,0.9997
8.4177,0.4163,-0.0072,-0.0148,0.0001,0.9999
8.4284,0.4205,-0.0048,-0.0138,0.0001,0.9999
8.4389,0.4191,-0.0080,-0.0143,0.0001,0.9999
8.4470,0.4124,-0.0084,-0.0165,0.0001,0.9998
8.4582,0.4125,-0.0056,-0.0185,0.0001,0.9998
8.4679,0.4143,-0.0066,-0.0171,0.0001,0.9998
8.4775,0.4252,-0.0072,-0.0141,0.0001,0.9999
8.4881,0.4235,-0.0076,-0.0134,0.0001,0.9999
8.4976,0.4125,-0.0062,-0.0167,0.0001,0.9998
8.5070,0.4144,-0.0090,-0.0153,0.0001,0.9998
8.5175,0.4185,-0.0092,-0.0137,0.0001,0.9999
8.5274,0.4157,-0.0089,-0.0142,0.0001,0.9999
8.5375,0.4160,-0.0069,-0.0159,0.0001,0.9998
8.5484,0.4164,-0.0079,-0.0143,0.0001,0.9999
8.5581,0.4135,-0.0087,-0.0148,0.0001,0.9999
8.5690,0.4190,-0.0078,-0.0126,0.0001,0.9999
8.5770,0.4174,-0.0068,-0.0131,0.0001,0.9999
8.5872,0.4144,-0.0081,-0.0109,0.0001,0.9999
8.5976,0.4139,-0.0077,-0.0104,0.0001,0.9999
8.6080,0.4269,-0.0067,-0.0082,0.0001,0.9999
8.6174,0.4279,-0.0068,-0.0103,0.0001,0.9999
8.6273,0.4169,-0.0079,-0.0115,0.0001,0.9999
8.6372,0.4137,-0.0087,-0.0102,0.0001,0.9999
8.6479,0.4136,-0.0088,-0.0111,0.0001,0.9999
8.6573,0.4259,-0.0083,-0.0088,0.0001,0.9999
8.6681,0.4249,-0.0077,-0.0083,0.0001,0.9999
8.6775,0.4171,-0.0055,-0.0081,0.0000,1.0000
8.6888,0.4217,-0.0040,-0.0102,0.0000,0.9999
8.6983,0.4190,-0.0050,-0.0089,0.0000,0.9999
8.7074,0.4127,-0.0069,-0.0080,0.0001,0.9999
8.7175,0.4324,-0.0068,-0.0094,0.0001,0.9999
8.7286,0.4256,-0.0048,-0.0050,0.0000,1.0000
8.7381,0.4147,-0.0125,-0.0061,0.0001,0.9999
8.7483,0.4077,-0.0106,-0.0074,0.0001,0.9999
8.7588,0.4087,-0.0051,-0.0105,0.0001,0.9999
8.7686,0.4148,-0.0063,-0.0100,0.0001,0.9999
8.7774,0.4158,-0.0062,-0.0058,0.0000,1.0000
8.7871,0.4158,-0.0065,-0.0054,0.0000,1.0000
8.7974,0.4181,-0.0055,-0.0053,0.0000,1.0000
8.8082,0.4210,-0.0042,-0.0046,0.0000,1.0000
8.8175,0.4209,-0.0055,-0.0065,0.0000,1.0000
8.8272,0.4181,-0.0071,-0.0050,0.0000,1.0000
8.8386,0.4207,-0.0085,-0.0047,0.0000,1.0000
8.8474,0.4136,-0.0071,-0.0046,0.0000,1.0000
8.8579,0.4288,-0.0078,-0.0018,0.0000,1.0000
8.8682,0.4269,-0.0088,-0.0029,0.0000,1.0000
8.8779,0.4198,-0.0046,-0.0044,0.0000,1.0000
8.8884,0.4190,-0.0051,-0.0051,0.0000,1.0000
8.8983,0.4179,-0.0075,-0.0036,0.0000,1.0000
8.9073,0.4178,-0.0077,-0.0026,0.0000,1.0000
8.9176,0.4171,-0.0075,-0.0034,0.0000,1.0000
8.9281,0.4198,-0.0076,-0.0045,0.0000,1.0000
8.9371,0.4216,-0.0101,-0.0042,0.0000,0.9999
8.9472,0.4169,-0.0102,-0.0042,0.0000,0.9999
8.9580,0.4188,-0.0081,-0.0047,0.0000,1.0000
8.9685,0.4219,-0.0083,-0.0024,0.0000,1.0000
8.9773,0.4193,-0.0078,-0.0030,0.0000,1.0000
8.9868,0.4192,-0.0051,-0.0034,0.0000,1.0000
8.9974,0.4196,-0.0057,0.0002,-0.0000,1.0000
9.0074,0.4172,-0.0069,-0.0009,0.0000,1.0000
9.0184,0.4160,-0.0090,-0.0025,0.0000,1.0000
9.0277,0.4167,-0.0108,-0.0013,0.0000,0.9999
9.0371,0.4234,-0.0105,0.0007,-0.0000,0.9999
9.0483,0.4249,-0.0076,0.0005,-0.0000,1.0000
9.0587,0.4145,-0.0063,-0.0028,0.0000,1.0000
9.0677,0.4210,-0.0029,-0.0031,0.0000,1.0000
9.0777,0.4183,-0.0073,-0.0006,0.0000,1.0000
9.0885,0.4193,-0.0111,0.0005,-0.0000,0.9999
9.0981,0.4142,-0.0097,0.0020,-0.0000,1.0000
9.1071,0.4125,-0.0093,0.0033,-0.0000,1.0000
9.1175,0.4264,-0.0045,0.0032,-0.0000,1.0000
9.1286,0.4238,-0.0057,0.0034,-0.0000,1.0000
9.1374,0.4159,-0.0085,-0.0015,0.0000,1.0000
9.1469,0.4080,-0.0091,0.0012,-0.0000,1.0000
9.1585,0.4105,-0.0107,0.0022,-0.0000,0.9999
9.1687,0.4143,-0.0075,0.0025,-0.0000,1.0000
9.1781,0.4178,-0.0082,0.0028,-0.0000,1.0000
9.1870,0.4184,-0.0054,0.0036,-0.0000,1.0000
9.1976,0.4276,-0.0062,-0.0001,0.0000,1.0000
9.2074,0.4180,-0.0064,0.0041,-0.0000,1.0000
9.2179,0.4156,-0.0080,0.0051,-0.0000,1.0000
9.2281,0.4165,-0.0085,0.0050,-0.0000,1.0000
9.2374,0.4125,-0.0058,0.0022,-0.0000,1.0000
9.2471,0.4096,-0.0065,-0.0006,0.0000,1.0000
9.2579,0.4254,-0.0050,0.0083,-0.0000,1.0000
9.2680,0.4226,-0.0062,0.0102,-0.0001,0.9999
9.2783,0.4087,-0.0085,0.0069,-0.0001,0.9999
9.2882,0.4104,-0.0083,0.0061,-0.0001,0.9999
9.2977,0.4098,-0.0059,0.0055,-0.0000,1.0000
9.3070,0.4097,-0.0052,0.0062,-0.0000,1.0000
9.3188,0.4091,-0.0040,0.0054,-0.0000,1.0000
9.3277,0.4169,-0.0058,0.0039,-0.0000,1.0000
9.3374,0.4127,-0.0058,0.0057,-0.0000,1.0000
9.3485,0.4147,-0.0074,0.0071,-0.0001,0.9999
9.3585,0.4139,-0.0064,0.0075,-0.0000,1.0000
9.3685,0.4119,-0.0066,0.0072,-0.0000,1.0000
9.3778,0.4125,-0.0058,0.0076,-0.0000,1.0000
9.3877,0.4150,-0.0050,0.0072,-0.0000,1.0000
9.3975,0.4131,-0.0051,0.0084,-0.0000,1.0000
9.4083,0.4138,-0.0060,0.0085,-0.0001,0.9999
9.4179,0.4169,-0.0071,0.0104,-0.0001,0.9999
9.4281,0.4129,-0.0065,0.0079,-0.0001,0.9999
9.4388,0.4140,-0.0074,0.0076,-0.0001,0.9999
9.4468,0.4163,-0.0069,0.0090,-0.0001,0.9999
9.4584,0.4100,-0.0031,0.0073,-0.0000,1.0000
9.4680,0.4132,-0.0052,0.0088,-0.0000,0.9999
9.4774,0.4102,-0.0036,0.0102,-0.0000,0.9999
9.4882,0.4073,-0.0061,0.0101,-0.0001,0.9999
9.4975,0.4079,-0.0063,0.0092,-0.0001,0.9999
9.5078,0.4151,-0.0062,0.0106,-0.0001,0.9999
9.5172,0.4119,-0.0059,0.0119,-0.0001,0.9999
9.5274,0.4145,-0.0047,0.0112,-0.0001,0.9999
9.5381,0.4148,-0.0059,0.0104,-0.0001,0.9999
9.5471,0.4084,-0.0055,0.0113,-0.0001,0.9999
9.5581,0.4131,-0.0015,0.0122,-0.0000,0.9999
9.5665,0.4168,-0.0034,0.0095,-0.0000,0.9999
9.5783,0.4083,-0.0052,0.0123,-0.0001,0.9999
9.5870,0.4120,-0.0048,0.0117,-0.0001,0.9999
9.5977,0.4120,-0.0049,0.0124,-0.0001,0.9999
9.6083,0.4109,-0.0033,0.0127,-0.0000,0.9999
9.6176,0.4153,-0.0017,0.0091,-0.0000,1.0000
9.6278,0.4151,-0.0034,0.0106,-0.0000,0.9999
9.6377,0.4130,-0.0040,0.0115,-0.0000,0.9999
9.6468,0.4297,-0.0029,0.0176,-0.0001,0.9998
9.6576,0.4126,-0.0021,0.0124,-0.0000,0.9999
9.6677,0.4016,-0.0017,0.0108,-0.0000,0.9999
9.6775,0.4055,-0.0055,0.0094,-0.0001,0.9999
9.6877,0.4103,-0.0026,0.0107,-0.0000,0.9999
9.6979,0.4143,-0.0032,0.0105,-0.0000,0.9999
9.7078,0.4089,-0.0022,0.0111,-0.0000,0.9999
9.7175,0.4149,-0.0003,0.0104,-0.0000,0.9999
9.7276,0.4127,-0.0010,0.0089,-0.0000,1.0000
9.7372,0.4142,-0.0033,0.0100,-0.0000,0.9999
9.7481,0.4096,-0.0027,0.0102,-0.0000,0.9999
9.7579,0.4166,-0.0026,0.0061,-0.0000,1.0000
9.7668,0.4180,-0.0016,0.0071,-0.0000,1.0000
9.7767,0.4139,-0.0032,0.0099,-0.0000,0.9999
9.7871,0.4097,-0.0027,0.0091,-0.0000,1.0000
9.7975,0.4174,-0.0008,0.0073,-0.0000,1.0000
9.8073,0.4158,-0.0030,0.0070,-0.0000,1.0000
9.8175,0.4141,-0.0037,0.0064,-0.0000,1.0000
9.8278,0.4169,-0.0024,0.0034,-0.0000,1.0000
9.8379,0.4112,-0.0012,0.0052,-0.0000,1.0000
9.8479,0.4148,-0.0027,0.0063,-0.0000,1.0000
9.8589,0.4072,-0.0049,0.0095,-0.0000,0.9999
9.8690,0.4108,-0.0040,0.0076,-0.0000,1.0000
9.8781,0.4136,-0.0038,0.0053,-0.0000,1.0000
9.8910,0.4148,-0.0047,0.0058,-0.0000,1.0000
9.8981,0.4122,-0.0063,0.0048,-0.0000,1.0000
9.9070,0.4117,-0.0057,0.0034,-0.0000,1.0000
9.9175,0.4174,-0.0055,0.0046,-0.0000,1.0000
9.9276,0.4172,-0.0056,0.0043,-0.0000,1.0000
9.9373,0.4144,-0.0039,0.0030,-0.0000,1.0000
9.9484,0.4101,-0.0060,0.0040,-0.0000,1.0000
9.9583,0.4095,-0.0076,0.0025,-0.0000,1.0000
9.9673,0.4122,-0.0072,0.0018,-0.0000,1.0000
9.9780,0.4258,-0.0053,0.0017,-0.0000,1.0000
9.9874,0.4154,-0.0061,-0.0002,0.0000,1.0000
9.9973,0.4159,-0.0060,-0.0001,0.0000,1.0000
10.0082,0.4164,-0.0085,0.0008,-0.0000,1.0000
10.0178,0.4102,-0.0101,-0.0003,0.0000,0.9999
10.0278,0.4078,-0.0106,-0.0017,0.0000,0.9999
10.0375,0.4121,-0.0118,-0.0017,0.0000,0.9999
10.0472,0.4156,-0.0089,-0.0015,0.0000,1.0000
10.0579,0.4192,-0.0103,-0.0028,0.0000,0.9999
10.0676,0.4198,-0.0127,-0.0047,0.0001,0.9999
10.0781,0.4154,-0.0112,-0.0021,0.0000,0.9999
10.0895,0.4125,-0.0128,-0.0021,0.0000,0.9999
10.0981,0.4113,-0.0145,-0.0036,0.0001,0.9999
10.1077,0.4134,-0.0135,-0.0055,0.0001,0.9999
10.1173,0.4180,-0.0145,-0.0051,0.0001,0.9999
10.1278,0.4210,-0.0145,-0.0056,0.0001,0.9999
10.1381,0.4205,-0.0138,-0.0070,0.0001,0.9999
10.1473,0.4159,-0.0144,-0.0068,0.0001,0.9999
10.1583,0.4169,-0.0135,-0.0074,0.0001,0.9999
10.1668,0.4209,-0.0178,-0.0077,0.0001,0.9998
10.1778,0.4195,-0.0153,-0.0079,0.0001,0.9999
10.1871,0.4223,-0.0158,-0.0092,0.0001,0.9998
10.1982,0.4204,-0.0154,-0.0086,0.0001,0.9998
10.2078,0.4156,-0.0151,-0.0082,0.0001,0.9999
10.2173,0.4186,-0.0138,-0.0105,0.0001,0.9998
10.2280,0.4249,-0.0171,-0.0071,0.0001,0.9998
10.2379,0.4159,-0.0158,-0.0092,0.0001,0.9998
10.2479,0.4212,-0.0129,-0.0090,0.0001,0.9999
10.2580,0.4224,-0.0161,-0.0095,0.0002,0.9998
10.2678,0.4166,-0.0149,-0.0100,0.0001,0.9998
10.2778,0.4155,-0.0149,-0.0110,0.0002,0.9998
10.2886,0.4194,-0.0129,-0.0106,0.0001,0.9999
10.2984,0.4219,-0.0141,-0.0096,0.0001,0.9999
10.3077,0.4186,-0.0138,-0.0101,0.0001,0.9999
10.3179,0.4190,-0.0148,-0.0106,0.0002,0.9998
10.3274,0.4214,-0.0125,-0.0102,0.0001,0.9999
10.3375,0.4218,-0.0129,-0.0103,0.0001,0.9999
10.3479,0.4222,-0.0127,-0.0088,0.0001,0.9999
10.3587,0.4297,-0.0092,-0.0102,0.0001,0.9999
10.3685,0.4189,-0.0109,-0.0137,0.0001,0.9998
10.3773,0.4168,-0.0124,-0.0135,0.0002,0.9998
10.3877,0.4132,-0.0134,-0.0095,0.0001,0.9999
10.3981,0.4152,-0.0137,-0.0096,0.0001,0.9999
10.4079,0.4173,-0.0123,-0.0100,0.0001,0.9999
10.4175,0.4169,-0.0125,-0.0108,0.0001,0.9999
10.4278,0.4272,-0.0105,-0.0092,0.0001,0.9999
10.4395,0.4236,-0.0105,-0.0083,0.0001,0.9999
10.4477,0.4293,-0.0062,-0.0097,0.0001,0.9999
10.4581,0.4231,-0.0066,-0.0091,0.0001,0.9999
10.4679,0.4227,-0.0089,-0.0091,0.0001,0.9999
10.4776,0.4073,-0.0091,-0.0126,0.0001,0.9999
10.4888,0.4055,-0.0086,-0.0118,0.0001,0.9999
10.4979,0.4197,-0.0064,-0.0103,0.0001,0.9999
10.5072,0.4201,-0.0069,-0.0105,0.0001,0.9999
10.5180,0.4209,-0.0076,-0.0115,0.0001,0.9999
10.5279,0.4149,-0.0063,-0.0087,0.0001,0.9999
10.5382,0.4124,-0.0053,-0.0087,0.0000,0.9999
10.5489,0.4158,-0.0041,-0.0091,0.0000,1.0000
10.5585,0.4177,-0.0044,-0.0099,0.0000,0.9999
10.5690,0.4183,-0.0054,-0.0094,0.0001,0.9999
10.5775,0.4169,-0.0044,-0.0095,0.0000,0.9999
10.5873,0.4142,-0.0000,-0.0095,0.0000,1.0000
10.5978,0.4122,-0.0032,-0.0101,0.0000,0.9999
10.6089,0.4136,-0.0039,-0.0093,0.0000,0.9999
10.6185,0.4184,-0.0033,-0.0102,0.0000,0.9999
10.6278,0.4227,-0.0015,-0.0115,0.0000,0.9999
10.6376,0.4156,-0.0014,-0.0102,0.0000,0.9999
10.6474,0.4121,-0.0022,-0.0101,0.0000,0.9999
10.6583,0.4127,-0.0012,-0.0090,0.0000,1.0000
10.6680,0.4106,-0.0015,-0.0107,0.0000,0.9999
10.6774,0.4146,-0.0006,-0.0106,0.0000,0.9999
10.6881,0.4162,0.0022,-0.0109,-0.0000,0.9999
10.6981,0.4168,0.0018,-0.0101,-0.0000,0.9999
10.7081,0.4166,-0.0006,-0.0096,0.0000,1.0000
10.7177,0.4195,-0.0015,-0.0082,0.0000,1.0000
10.7284,0.4174,-0.0013,-0.0081,0.0000,1.0000
10.7376,0.4215,0.0013,-0.0066,-0.0000,1.0000
10.7479,0.4131,0.0037,-0.0072,-0.0000,1.0000
10.7588,0.4091,0.0021,-0.0105,-0.0000,0.9999
10.7678,0.4113,-0.0003,-0.0090,0.0000,1.0000
10.7779,0.4039,0.0049,-0.0106,-0.0001,0.9999
10.7879,0.4094,0.0059,-0.0084,-0.0001,0.9999
10.7999,0.4167,0.0037,-0.0118,-0.0000,0.9999
10.8082,0.4144,0.0053,-0.0117,-0.0001,0.9999
10.8170,0.4137,0.0032,-0.0104,-0.0000,0.9999
10.8283,0.4120,0.0023,-0.0062,-0.0000,1.0000
10.8384,0.4100,0.0036,-0.0069,-0.0000,1.0000
10.8478,0.4076,0.0030,-0.0067,-0.0000,1.0000
10.8580,0.4109,0.0028,-0.0080,-0.0000,1.0000
10.8681,0.4139,0.0042,-0.0083,-0.0000,1.0000
10.8782,0.4157,0.0021,-0.0084,-0.0000,1.0000
10.8890,0.4173,0.0022,-0.0084,-0.0000,1.0000
10.9004,0.4134,0.0051,-0.0070,-0.0000,1.0000
10.9072,0.4080,0.0039,-0.0061,-0.0000,1.0000
10.9183,0.4081,0.0032,-0.0084,-0.0000,1.0000
10.9282,0.4158,0.0031,-0.0086,-0.0000,1.0000
10.9377,0.4173,0.0061,-0.0091,-0.0001,0.9999
10.9486,0.4166,0.0021,-0.0064,-0.0000,1.0000
10.9581,0.4128,0.0031,-0.0061,-0.0000,1.0000
10.9677,0.4108,0.0040,-0.0065,-0.0000,1.0000
10.9771,0.4078,0.0052,-0.0098,-0.0001,0.9999
10.9881,0.4099,0.0055,-0.0089,-0.0000,0.9999
10.9976,0.4076,0.0031,-0.0059,-0.0000,1.0000
11.0082,0.4130,0.0023,-0.0057,-0.0000,1.0000
11.0181,0.4142,0.0032,-0.0058,-0.0000,1.0000
11.0278,0.4128,0.0027,-0.0055,-0.0000,1.0000
11.0375,0.4131,0.0035,-0.0045,-0.0000,1.0000
11.0481,0.4105,0.0060,-0.0045,-0.0000,1.0000
11.0604,0.4054,0.0058,-0.0057,-0.0000,1.0000
11.0686,0.4066,0.0031,-0.0058,-0.0000,1.0000
11.0781,0.4069,0.0036,-0.0058,-0.0000,1.0000
11.0885,0.4063,0.0031,-0.0060,-0.0000,1.0000
11.0987,0.4076,0.0015,-0.0052,-0.0000,1.0000
11.1125,0.4130,0.0025,-0.0034,-0.0000,1.0000
11.1196,0.4113,0.0037,-0.0031,-0.0000,1.0000
11.1279,0.4153,0.0056,-0.0022,-0.0000,1.0000
11.1377,0.4104,0.0039,-0.0033,-0.0000,1.0000
11.1498,0.4076,0.0022,-0.0034,-0.0000,1.0000
11.1586,0.4077,0.0021,-0.0033,-0.0000,1.0000
11.1680,0.4071,0.0039,-0.0033,-0.0000,1.0000
11.1783,0.4007,0.0053,-0.0046,-0.0000,1.0000
11.1885,0.4062,0.0031,-0.0024,-0.0000,1.0000
11.1974,0.4039,0.0017,-0.0019,-0.0000,1.0000
11.2081,0.4051,0.0044,-0.0028,-0.0000,1.0000
11.2179,0.4088,0.0055,-0.0030,-0.0000,1.0000
11.2287,0.4088,0.0046,-0.0030,-0.0000,1.0000
11.2380,0.4111,0.0033,-0.0018,-0.0000,1.0000
11.2477,0.4085,0.0051,-0.0003,-0.0000,1.0000
11.2578,0.4051,0.0031,-0.0022,-0.0000,1.0000
11.2680,0.4027,0.0024,-0.0021,-0.0000,1.0000
11.2782,0.3983,0.0024,-0.0011,-0.0000,1.0000
11.2880,0.4014,0.0037,-0.0008,-0.0000,1.0000
11.2989,0.4082,0.0073,-0.0028,-0.0000,1.0000
11.3077,0.4091,0.0038,-0.0014,-0.0000,1.0000
11.3187,0.4070,0.0034,-0.0004,-0.0000,1.0000
11.3281,0.4031,0.0042,-0.0014,-0.0000,1.0000
11.3371,0.4030,0.0047,-0.0004,-0.0000,1.0000
11.3487,0.4015,0.0039,0.0005,0.0000,1.0000
11.3591,0.4037,0.0034,-0.0006,-0.0000,1.0000
11.3669,0.4080,0.0054,-0.0016,-0.0000,1.0000
11.3778,0.4056,0.0055,-0.0013,-0.0000,1.0000
11.3868,0.4023,0.0049,-0.0010,-0.0000,1.0000
11.3980,0.4024,0.0038,-0.0014,-0.0000,1.0000
11.4080,0.4034,0.0054,-0.0009,-0.0000,1.0000
11.4180,0.4054,0.0046,0.0023,0.0000,1.0000
11.4276,0.4031,0.0038,0.0023,0.0000,1.0000
11.4386,0.4030,0.0045,0.0019,0.0000,1.0000
11.4474,0.4035,0.0046,0.0005,0.0000,1.0000
11.4583,0.4121,0.0033,0.0017,0.0000,1.0000
11.4684,0.4094,0.0042,0.0018,0.0000,1.0000
11.4774,0.4148,0.0073,-0.0004,-0.0000,1.0000
11.4889,0.4039,0.0060,-0.0013,-0.0000,1.0000
11.4979,0.4021,0.0033,0.0015,0.0000,1.0000
11.5088,0.4026,0.0038,0.0022,0.0000,1.0000
11.5177,0.4031,0.0051,0.0026,0.0000,1.0000
11.5276,0.4051,0.0063,0.0023,0.0000,1.0000
11.5377,0.4075,0.0062,0.0024,0.0000,1.0000
11.5481,0.3989,0.0063,0.0024,0.0000,1.0000
11.5587,0.4002,0.0068,0.0039,0.0000,1.0000
11.5675,0.4004,0.0052,0.0002,0.0000,1.0000
11.5774,0.4016,0.0062,0.0004,0.0000,1.0000
11.5876,0.4032,0.0055,0.0022,0.0000,1.0000
11.5981,0.4096,0.0063,0.0022,0.0000,1.0000
11.6080,0.4073,0.0072,0.0021,0.0000,1.0000
11.6179,0.4032,0.0084,0.0011,0.0000,1.0000
11.6276,0.4057,0.0066,0.0020,0.0000,1.0000
11.6378,0.4046,0.0064,0.0027,0.0000,1.0000
11.6478,0.4039,0.0072,0.0026,0.0000,1.0000
11.6580,0.4043,0.0066,0.0023,0.0000,1.0000
11.6678,0.4072,0.0065,0.0023,0.0000,1.0000
11.6778,0.4035,0.0081,0.0018,0.0000,1.0000
11.6879,0.4017,0.0078,0.0036,0.0000,1.0000
11.6981,0.4017,0.0095,0.0037,0.0000,0.9999
11.7081,0.3996,0.0074,-0.0003,-0.0000,1.0000
11.7181,0.4011,0.0073,0.0001,0.0000,1.0000
11.7287,0.4027,0.0065,0.0005,0.0000,1.0000
11.7388,0.4129,0.0097,0.0029,0.0000,0.9999
11.7488,0.4124,0.0064,0.0029,0.0000,1.0000
11.7593,0.4075,0.0074,0.0016,0.0000,1.0000
11.7683,0.4065,0.0066,0.0012,0.0000,1.0000
11.7778,0.4036,0.0089,0.0022,0.0000,1.0000
11.7878,0.4033,0.0082,0.0005,0.0000,1.0000
11.7977,0.4083,0.0084,0.0000,0.0000,1.0000
11.8083,0.4093,0.0073,0.0001,0.0000,1.0000
11.8184,0.4084,0.0072,-0.0003,-0.0000,1.0000
11.8281,0.4054,0.0103,0.0012,0.0000,0.9999
11.8397,0.3984,0.0081,-0.0000,-0.0000,1.0000
11.8499,0.4019,0.0069,0.0003,0.0000,1.0000
11.8594,0.4055,0.0063,-0.0003,-0.0000,1.0000
11.8807,0.3492,0.0030,0.0046,0.0000,1.0000
12.0489,0.3971,0.0936,0.1068,0.0101,0.9898
12.0961,0.3924,0.1250,0.1301,0.0165,0.9834
12.1401,0.4229,0.1486,0.1465,0.0223,0.9777
12.2021,0.4568,0.1585,0.1598,0.0260,0.9740
12.2617,0.4769,0.1676,0.1591,0.0274,0.9725
12.3219,0.5009,0.1498,0.1588,0.0244,0.9756
12.3802,0.5096,0.1469,0.1562,0.0235,0.9764
12.4229,0.5193,0.1318,0.1521,0.0205,0.9793
12.4666,0.5129,0.1235,0.1417,0.0178,0.9820
12.5084,0.5154,0.1129,0.1317,0.0151,0.9847
12.5501,0.4986,0.0888,0.1053,0.0094,0.9904
12.6130,0.4911,0.0737,0.0765,0.0057,0.9943
12.6564,0.4978,0.0577,0.0628,0.0036,0.9964
12.7024,0.4986,0.0371,0.0385,0.0014,0.9986
12.7465,0.4915,0.0273,0.0267,0.0007,0.9993
12.7943,0.4985,0.0020,0.0039,0.0000,1.0000
12.8388,0.4925,-0.0046,-0.0059,0.0000,1.0000
12.8858,0.5002,-0.0251,-0.0231,0.0006,0.9994
12.9318,0.5002,-0.0473,-0.0359,0.0017,0.9982
12.9772,0.4982,-0.0587,-0.0456,0.0027,0.9972
13.0229,0.5137,-0.0800,-0.0573,0.0046,0.9951
13.0972,0.5204,-0.0918,-0.0572,0.0053,0.9941
13.1433,0.5204,-0.1038,-0.0646,0.0068,0.9925
13.1895,0.5204,-0.1044,-0.0560,0.0059,0.9929
13.2356,0.5204,-0.0975,-0.0533,0.0052,0.9938
13.2799,0.5204,-0.1017,-0.0497,0.0051,0.9936
13.3257,0.5204,-0.0885,-0.0428,0.0038,0.9952
13.3742,0.5204,-0.0690,-0.0304,0.0021,0.9971
13.4566,0.5204,-0.0402,-0.0199,0.0008,0.9990
13.5014,0.5204,-0.0260,-0.0071,0.0002,0.9996
13.5663,0.5204,0.0071,0.0145,0.0001,0.9999
13.6266,0.4132,0.1932,0.0934,0.0185,0.9765
13.6787,0.2540,0.3781,0.1153,0.0475,0.9174
13.7231,0.2273,0.4272,0.1193,0.0570,0.8945
13.7690,0.2690,0.3128,0.1612,0.0539,0.9345
13.8139,0.2941,0.0488,0.1080,0.0053,0.9929
13.8839,0.3357,-0.1055,-0.0452,0.0048,0.9934
13.9806,0.5204,-0.1419,-0.0548,0.0079,0.9883
14.0723,0.5204,-0.0948,0.0545,-0.0052,0.9940
14.1226,0.5204,-0.0993,0.1254,-0.0126,0.9870
14.1691,0.5204,-0.1075,0.1447,-0.0158,0.9835
14.2160,0.5204,-0.1043,0.1449,-0.0154,0.9838
14.2659,0.0000,-0.1491,0.1718,-0.0263,0.9734
14.3150,0.0000,-0.1503,0.1318,-0.0202,0.9796
14.3618,0.0000,-0.1443,0.0833,-0.0122,0.9859
14.4610,0.0000,-0.1306,-0.0273,0.0036,0.9911
14.5594,0.0000,-0.1234,-0.0524,0.0065,0.9909
14.6399,0.0000,-0.1293,0.0295,-0.0039,0.9912
14.7390,0.0000,-0.1379,0.0319,-0.0044,0.9899
14.8174,0.0000,-0.1462,0.0341,-0.0050,0.9887
14.8662,0.0000,-0.1515,0.0355,-0.0054,0.9878
14.9153,0.0000,-0.1566,0.0368,-0.0058,0.9870
14.9625,0.0000,-0.1622,0.0381,-0.0063,0.9860
15.0094,0.0000,-0.1676,0.0394,-0.0067,0.9850
15.0562,0.0000,-0.1730,0.0407,-0.0072,0.9840
15.1033,0.0000,-0.1784,0.0419,-0.0076,0.9830
15.1508,0.0000,-0.1837,0.0430,-0.0080,0.9820
15.1982,0.0000,-0.1888,0.0441,-0.0085,0.9810
15.2463,0.0000,-0.1939,0.0451,-0.0089,0.9799
15.2939,0.0000,-0.1988,0.0461,-0.0094,0.9789
15.3408,0.0000,-0.2033,0.0469,-0.0097,0.9780
15.3878,0.0000,-0.2074,0.0476,-0.0101,0.9770
15.4547,0.0000,-0.2128,0.0486,-0.0106,0.9758
15.5024,0.0000,-0.2163,0.0491,-0.0109,0.9750
15.5494,0.0000,-0.2193,0.0496,-0.0112,0.9743
15.6121,0.0000,-0.2226,0.0501,-0.0115,0.9735
15.6587,0.0000,-0.2246,0.0504,-0.0116,0.9731
15.7575,0.0000,-0.2273,0.0508,-0.0119,0.9724
15.8167,0.0000,-0.2281,0.0509,-0.0119,0.9722
15.8645,0.0000,-0.2282,0.0508,-0.0119,0.9722
15.9635,0.0000,-0.2269,0.0506,-0.0118,0.9725
16.0311,0.0000,-0.2248,0.0502,-0.0116,0.9730
16.0774,0.0000,-0.2231,0.0499,-0.0114,0.9735
16.1245,0.0000,-0.2209,0.0496,-0.0112,0.9740
16.1903,0.0000,-0.2174,0.0490,-0.0109,0.9748
16.2529,0.0000,-0.2136,0.0483,-0.0106,0.9757
16.3008,0.0000,-0.2106,0.0477,-0.0103,0.9764
16.3639,0.0000,-0.2065,0.0470,-0.0099,0.9773
16.4146,0.0000,-0.2033,0.0464,-0.0096,0.9780
16.4623,0.0000,-0.2005,0.0458,-0.0094,0.9786
16.5089,0.0000,-0.1979,0.0453,-0.0092,0.9791
16.5826,0.0000,-0.1948,0.0447,-0.0089,0.9798
16.6446,0.0000,-0.1933,0.0444,-0.0088,0.9801
16.6945,0.0000,-0.1930,0.0443,-0.0087,0.9802
16.7415,0.0000,-0.1937,0.0445,-0.0088,0.9800
16.7887,0.0000,-0.1956,0.0449,-0.0090,0.9796
16.8385,0.0000,-0.1989,0.0455,-0.0092,0.9789
16.8884,0.0000,-0.1992,0.0456,-0.0093,0.9789
16.9907,0.0000,-0.1992,0.0456,-0.0093,0.9789
17.0678,0.0000,-0.1992,0.0456,-0.0093,0.9789
17.1169,0.0000,-0.1992,0.0456,-0.0093,0.9789
17.2180,0.0000,-0.1992,0.0456,-0.0093,0.9789
17.3177,0.0000,-0.1992,0.0456,-0.0093,0.9789
17.4116,0.0000,-0.1992,0.0456,-0.0093,0.9789
17.4583,0.0000,-0.1992,0.0456,-0.0093,0.9789
17.5221,0.0000,-0.1992,0.0456,-0.0093,0.9789
17.6329,0.0000,-0.1992,0.0456,-0.0093,0.9789
17.7572,0.0000,-0.1992,0.0456,-0.0093,0.9789
17.8418,0.0000,-0.1992,0.0456,-0.0093,0.9789
17.8956,0.0000,-0.1992,0.0456,-0.0093,0.9789
17.9433,0.0000,-0.1992,0.0456,-0.0093,0.9789
17.9914,0.0000,-0.1992,0.0456,-0.0093,0.9789
18.0581,0.0000,-0.1992,0.0456,-0.0093,0.9789
18.1064,0.0000,-0.1992,0.0456,-0.0093,0.9789
18.1544,0.0000,-0.1992,0.0456,-0.0093,0.9789
18.2034,0.0000,-0.1992,0.0456,-0.0093,0.9789
18.2530,0.0000,-0.1992,0.0456,-0.0093,0.9789
18.3012,0.0000,-0.1992,0.0456,-0.0093,0.9789
18.3641,0.0000,-0.1992,0.0456,-0.0093,0.9789
18.4119,0.0000,-0.1992,0.0456,-0.0093,0.9789
18.4588,0.0000,-0.1992,0.0456,-0.0093,0.9789
18.5272,0.0000,-0.1992,0.0456,-0.0093,0.9789
18.5735,0.0000,-0.1992,0.0456,-0.0093,0.9789
18.6360,0.0000,-0.1992,0.0456,-0.0093,0.9789
18.6968,0.0000,-0.1992,0.0456,-0.0093,0.9789
18.7460,0.0000,-0.1992,0.0456,-0.0093,0.9789
18.8579,0.0000,-0.1992,0.0456,-0.0093,0.9789
18.9122,0.0000,-0.1992,0.0456,-0.0093,0.9789
19.0281,0.0000,-0.1992,0.0456,-0.0093,0.9789
19.0894,0.0000,-0.1992,0.0456,-0.0093,0.9789
19.1374,0.0000,-0.1992,0.0456,-0.0093,0.9789
