0.0000,-1.8008,-1.3351,0.6446,-0.3439,-0.1200,-0.8082,16.5247,65.2699,-6.3631,-0.2109,-0.8004,0.4833,0.2851
0.0077,-1.8011,-1.3356,0.6408,-0.1690,-0.0839,-0.5813,15.3063,24.4233,-9.7938,-0.1154,-0.8150,0.4715,0.3165
0.0182,-1.7994,-1.3397,0.6422,0.0355,-0.2702,-0.1406,-50.6612,48.1099,55.1230,-0.6780,-0.6421,0.2748,0.2291
0.0272,-1.7906,-1.3342,0.6475,0.5485,0.2131,0.2540,-87.1222,128.2332,73.1404,-0.7915,-0.1350,-0.5396,0.2530
0.0375,-1.7871,-1.3320,0.6471,0.4184,0.2110,0.0741,-92.4919,127.3666,55.6787,-0.2214,0.3904,-0.8617,0.2366
0.0474,-1.7941,-1.3388,0.6373,-0.2370,-0.3137,-0.5458,-157.5457,167.7383,68.7211,0.8516,0.4080,-0.1916,0.2676
0.0569,-1.7967,-1.3413,0.6309,-0.2594,-0.2847,-0.6147,-121.9314,119.6776,59.0495,0.9101,-0.0045,0.3607,0.2038
0.0679,-1.7969,-1.3418,0.6287,-0.1080,-0.1338,-0.3588,-58.3705,62.9733,35.8788,0.7722,-0.2326,0.5397,0.2416
0.0794,-1.7962,-1.3418,0.6252,-0.0026,-0.0509,-0.3315,-1.2377,13.0647,7.3631,0.8224,-0.1750,0.4560,0.2917
0.0873,-1.7954,-1.3418,0.6210,0.0460,-0.0260,-0.4142,28.9866,-17.3682,-11.6326,0.9364,0.0096,0.2267,0.2678
0.0977,-1.7947,-1.3419,0.6162,0.0615,-0.0177,-0.4557,25.4595,-19.0802,-12.9165,0.9622,0.1029,0.0953,0.2334
0.1069,-1.7941,-1.3419,0.6111,0.0594,-0.0089,-0.4940,12.5283,-10.6842,-7.1069,0.9653,0.1147,0.0664,0.2248
0.1174,-1.7934,-1.3420,0.6058,0.0667,-0.0047,-0.5101,4.1329,-3.0125,-1.5957,0.9631,0.1099,0.0797,0.2324
0.1281,-1.7927,-1.3419,0.6002,0.0710,0.0016,-0.5416,0.5523,-0.9188,0.4294,0.9616,0.1006,0.0858,0.2404
0.1382,-1.7919,-1.3420,0.5946,0.0698,-0.0030,-0.5351,-0.4896,-0.4430,0.9602,0.9606,0.0940,0.0873,0.2466
0.1576,-1.7914,-1.3425,0.5889,0.0608,-0.0346,-0.5682,-1.3497,0.2266,0.5920,0.9608,0.0856,0.0932,0.2468
0.1577,-1.7906,-1.3420,0.5830,0.0755,0.0160,-0.5826,1.6071,-0.5252,0.9966,0.9580,0.1010,0.0842,0.2550
0.1669,-1.7899,-1.3416,0.5771,0.0755,0.0310,-0.6065,1.5943,-0.7977,0.5064,0.9574,0.1068,0.0778,0.2567
0.1775,-1.7891,-1.3414,0.5710,0.0768,0.0258,-0.6021,1.9072,-0.7560,0.3412,0.9562,0.1161,0.0715,0.2591
0.1981,-1.7882,-1.3411,0.5649,0.0795,0.0282,-0.5873,1.4689,-1.4612,0.2691,0.9558,0.1193,0.0604,0.2619
0.1983,-1.7874,-1.3409,0.5591,0.0800,0.0246,-0.5848,1.5576,-0.7547,0.3275,0.9544,0.1267,0.0572,0.2642
0.2094,-1.7866,-1.3406,0.5531,0.0788,0.0278,-0.5905,1.1689,-0.5169,0.2104,0.9537,0.1305,0.0544,0.2653
0.2174,-1.7856,-1.3412,0.5427,0.0929,-0.0251,-0.8749,-7.1339,-7.1069,-0.3392,0.9624,0.0544,0.0162,0.2657
0.2374,-1.7847,-1.3413,0.5349,0.0925,-0.0183,-0.8076,-5.9833,-5.3126,-0.3845,0.9641,0.0234,0.0031,0.2645
0.2376,-1.7840,-1.3415,0.5291,0.0807,-0.0193,-0.6758,-2.6884,-3.0262,0.4148,0.9629,0.0199,-0.0034,0.2691
0.2480,-1.7834,-1.3412,0.5239,0.0673,0.0094,-0.5775,0.6827,-1.1738,1.0559,0.9605,0.0346,-0.0072,0.2759
0.2568,-1.7824,-1.3410,0.5186,0.0883,0.0203,-0.5755,-1.5077,-0.0490,0.1469,0.9616,0.0213,0.0007,0.2735
0.2782,-1.7815,-1.3408,0.5134,0.0834,0.0178,-0.5172,-1.2288,0.0835,0.1227,0.9616,0.0162,0.0031,0.2741
0.2783,-1.7805,-1.3409,0.5079,0.0940,0.0002,-0.5280,-0.8834,1.5497,0.4787,0.9604,0.0165,0.0167,0.2775
0.2876,-1.7800,-1.3408,0.5034,0.0710,0.0070,-0.4922,-0.2977,-0.8490,0.6673,0.9595,0.0135,0.0043,0.2814
0.2975,-1.7794,-1.3407,0.4993,0.0659,0.0059,-0.4507,-0.2127,-1.4764,0.8006,0.9583,0.0101,-0.0044,0.2857
0.3176,-1.7788,-1.3407,0.4957,0.0604,0.0034,-0.3910,0.8279,-0.9519,0.7923,0.9570,0.0167,-0.0095,0.2894
0.3177,-1.7778,-1.3406,0.4929,0.0853,0.0106,-0.3280,-1.3394,2.0656,0.2235,0.9574,0.0092,0.0146,0.2882
0.3272,-1.7772,-1.3401,0.4935,0.0700,0.0313,-0.0994,-1.7409,1.5791,-0.0354,0.9577,0.0015,0.0231,0.2869
0.3372,-1.7764,-1.3393,0.4957,0.0745,0.0608,0.0876,-1.4313,1.2548,-0.2830,0.9582,-0.0029,0.0300,0.2845
0.3571,-1.7755,-1.3388,0.4985,0.0830,0.0543,0.2015,-0.8150,1.1321,-0.2519,0.9583,-0.0033,0.0357,0.2834
0.3573,-1.7745,-1.3382,0.5015,0.0960,0.0603,0.2684,-0.2586,0.0054,0.4012,0.9573,-0.0038,0.0315,0.2874
0.3671,-1.7736,-1.3373,0.5046,0.0895,0.0773,0.2814,0.9630,-0.0059,-0.0330,0.9577,0.0049,0.0288,0.2862
0.3783,-1.7727,-1.3364,0.5080,0.0880,0.0798,0.3141,1.3541,0.6019,-0.3528,0.9583,0.0144,0.0314,0.2836
0.3974,-1.7718,-1.3356,0.5117,0.0935,0.0837,0.3441,1.7049,0.9246,-0.3311,0.9584,0.0255,0.0342,0.2822
0.3974,-1.7707,-1.3349,0.5156,0.1065,0.0771,0.3876,2.1144,0.1173,-0.2230,0.9583,0.0358,0.0287,0.2821
0.4079,-1.7694,-1.3340,0.5197,0.1150,0.0799,0.3898,1.7992,0.0574,-0.4032,0.9587,0.0438,0.0263,0.2798
0.4175,-1.7681,-1.3331,0.5237,0.1284,0.0881,0.4066,0.9692,-0.5335,-0.7343,0.9600,0.0443,0.0211,0.2756
0.4375,-1.7666,-1.3325,0.5281,0.1370,0.0709,0.4200,1.1047,-1.0491,-0.3713,0.9600,0.0482,0.0127,0.2754
0.4375,-1.7651,-1.3322,0.5325,0.1451,0.0488,0.4315,0.2088,-1.5872,-0.1785,0.9602,0.0435,0.0037,0.2757
0.4479,-1.7638,-1.3316,0.5371,0.1416,0.0580,0.4575,0.3886,-1.1511,-0.2454,0.9605,0.0448,-0.0009,0.2745
0.4571,-1.7624,-1.3309,0.5420,0.1371,0.0630,0.4698,0.7395,-0.8927,-0.1294,0.9604,0.0486,-0.0058,0.2744
0.4788,-1.7610,-1.3305,0.5470,0.1355,0.0484,0.4836,-0.1761,-0.7916,-0.2498,0.9610,0.0436,-0.0083,0.2730
0.4791,-1.7595,-1.3303,0.5520,0.1438,0.0289,0.4833,-0.9180,-1.0202,-0.0008,0.9610,0.0349,-0.0121,0.2742
0.4877,-1.7582,-1.3300,0.5571,0.1363,0.0332,0.5066,-0.1758,-0.7096,-0.0576,0.9610,0.0360,-0.0149,0.2737
0.4987,-1.7569,-1.3300,0.5624,0.1277,0.0107,0.5134,0.3090,-1.0926,0.2071,0.9602,0.0373,-0.0223,0.2758
0.5168,-1.7557,-1.3299,0.5675,0.1311,0.0119,0.5372,0.0124,-1.1081,0.1159,0.9601,0.0349,-0.0270,0.2762
0.5171,-1.7544,-1.3298,0.5730,0.1320,0.0112,0.5384,-0.3821,-1.0074,0.0229,0.9601,0.0304,-0.0307,0.2763
0.5271,-1.7532,-1.3297,0.5782,0.1270,0.0085,0.5319,0.1412,-0.2627,-0.1356,0.9604,0.0332,-0.0301,0.2750
0.5373,-1.7518,-1.3291,0.5851,0.1286,0.0415,0.6192,3.1203,15.0849,-0.0229,0.9552,0.0928,0.0860,0.2677
0.5572,-1.7508,-1.3291,0.5911,0.1124,0.0165,0.6124,2.3711,10.6609,-0.2666,0.9509,0.1117,0.1188,0.2629
0.5572,-1.7499,-1.3294,0.5968,0.1042,-0.0109,0.5910,0.6735,4.2779,-0.0744,0.9513,0.1091,0.1188,0.2628
0.5671,-1.7492,-1.3298,0.6008,0.0805,-0.0286,0.4610,-0.1039,-12.7712,0.3657,0.9579,0.0724,0.0020,0.2777
0.5784,-1.7481,-1.3304,0.6053,0.0934,-0.0431,0.4435,-0.8299,-10.0658,-0.0839,0.9580,0.0533,-0.0379,0.2792
0.5979,-1.7472,-1.3309,0.6103,0.0927,-0.0468,0.4768,-0.4113,-4.8712,0.0120,0.9577,0.0511,-0.0435,0.2799
0.5980,-1.7464,-1.3313,0.6156,0.0846,-0.0487,0.5111,0.0744,-1.5262,-0.1178,0.9581,0.0542,-0.0402,0.2786
0.6072,-1.7455,-1.3319,0.6207,0.0907,-0.0546,0.5302,0.0452,-0.3044,-0.1359,0.9584,0.0551,-0.0374,0.2777
0.6180,-1.7447,-1.3325,0.6259,0.0833,-0.0582,0.5172,0.1337,1.1319,-0.0430,0.9586,0.0590,-0.0275,0.2772
0.6376,-1.7442,-1.3332,0.6309,0.0682,-0.0671,0.5237,0.0484,-0.2390,-0.0654,0.9585,0.0572,-0.0333,0.2771
0.6378,-1.7435,-1.3339,0.6357,0.0699,-0.0663,0.4936,-0.2749,-0.5567,-0.3745,0.9594,0.0536,-0.0365,0.2746
0.6473,-1.7426,-1.3345,0.6403,0.0780,-0.0655,0.4675,-0.5722,0.7298,-0.6009,0.9609,0.0519,-0.0278,0.2707
0.6569,-1.7423,-1.3356,0.6454,0.0512,-0.0931,0.4989,-0.6650,-0.5845,-0.1252,0.9605,0.0465,-0.0340,0.2721
0.6777,-1.7420,-1.3369,0.6503,0.0381,-0.1117,0.5004,0.2251,-0.7176,0.3710,0.9592,0.0496,-0.0389,0.2756
0.6778,-1.7328,-1.3293,0.6638,0.5427,0.3915,0.9625,59.7335,-69.0941,15.1100,0.6805,0.3018,-0.5871,0.3181
0.6876,-1.7300,-1.3280,0.6717,0.3981,0.2455,0.8717,81.8970,-98.7129,20.7235,0.0151,0.4136,-0.8825,0.2233
0.6971,-1.7375,-1.3369,0.6675,-0.2870,-0.4319,0.1192,132.0465,-161.2432,35.1182,-0.9055,0.1372,-0.3715,-0.1528
0.7170,-1.7404,-1.3410,0.6680,-0.2902,-0.4233,0.0746,100.1194,-123.1155,25.9474,-0.9311,-0.1094,0.1917,-0.2905
0.7171,-1.7410,-1.3431,0.6715,-0.1505,-0.2931,0.2396,51.9292,-63.9080,14.5733,-0.8462,-0.2032,0.3804,-0.3130
0.7262,-1.7410,-1.3442,0.6760,-0.0658,-0.1969,0.3732,10.2226,-13.3492,2.9254,-0.8919,-0.1615,0.2899,-0.3072
0.7372,-1.7399,-1.3457,0.6792,0.0360,-0.1591,0.3303,-10.9249,14.3458,-3.2998,-0.9502,-0.0876,0.1102,-0.2781
0.7587,-1.7400,-1.3470,0.6840,0.0125,-0.1396,0.4058,-11.7626,13.0240,-3.6690,-0.9646,-0.0426,0.0349,-0.2579
0.7589,-1.7401,-1.3481,0.6877,-0.0039,-0.1241,0.3855,-6.6818,7.1873,-2.0177,-0.9668,-0.0311,0.0157,-0.2533
0.7668,-1.7400,-1.3495,0.6909,0.0026,-0.1325,0.3527,-2.2135,2.3649,-0.4214,-0.9656,-0.0344,0.0222,-0.2569
0.7774,-1.7404,-1.3508,0.6943,-0.0198,-0.1342,0.3458,1.2607,0.9753,0.8596,-0.9624,-0.0520,0.0264,-0.2652
0.7973,-1.7404,-1.3524,0.6970,-0.0062,-0.1508,0.3099,1.1582,0.4731,0.3242,-0.9623,-0.0571,0.0274,-0.2647
0.7976,-1.7408,-1.3540,0.7005,-0.0282,-0.1521,0.3247,-1.0438,-1.1519,-0.3882,-0.9637,-0.0416,0.0353,-0.2615
0.8073,-1.7416,-1.3557,0.7035,-0.0574,-0.1652,0.3154,-0.4326,-0.6897,-0.1406,-0.9636,-0.0413,0.0369,-0.2617
0.8168,-1.7419,-1.3573,0.7060,-0.0410,-0.1618,0.2748,-0.7480,-0.0017,-0.4643,-0.9647,-0.0371,0.0335,-0.2585
0.8371,-1.7423,-1.3591,0.7086,-0.0455,-0.1763,0.2672,-0.8246,-0.1196,-0.2979,-0.9651,-0.0326,0.0334,-0.2578
0.8372,-1.7431,-1.3609,0.7112,-0.0625,-0.1723,0.2612,-0.2759,0.2038,0.0113,-0.9648,-0.0337,0.0314,-0.2588
0.8476,-1.7435,-1.3627,0.7132,-0.0507,-0.1782,0.2287,-0.5628,0.2572,-0.1123,-0.9652,-0.0304,0.0291,-0.2579
0.8570,-1.7440,-1.3643,0.7151,-0.0511,-0.1679,0.2018,-0.2251,0.9579,-0.3194,-0.9660,-0.0322,0.0221,-0.2555
0.8772,-1.7448,-1.3660,0.7172,-0.0648,-0.1733,0.2072,-0.1858,-0.1405,-0.2213,-0.9661,-0.0303,0.0263,-0.2549
0.8773,-1.7455,-1.3677,0.7192,-0.0677,-0.1723,0.2041,-0.6007,-0.0969,-0.4693,-0.9670,-0.0259,0.0256,-0.2520
0.8869,-1.7462,-1.3696,0.7209,-0.0727,-0.1796,0.1835,-0.0309,0.5142,-0.0801,-0.9669,-0.0288,0.0215,-0.2527
0.8967,-1.7471,-1.3715,0.7225,-0.0833,-0.1848,0.1680,0.5792,0.7541,-0.1267,-0.9670,-0.0348,0.0183,-0.2517
0.9168,-1.7477,-1.3733,0.7242,-0.0673,-0.1878,0.1759,-0.5059,-0.6045,0.5715,-0.9657,-0.0269,0.0240,-0.2571
0.9169,-1.7484,-1.3747,0.7259,-0.0694,-0.1523,0.1705,-0.8616,-0.4165,-0.4317,-0.9672,-0.0209,0.0241,-0.2519
0.9275,-1.7492,-1.3763,0.7274,-0.0752,-0.1618,0.1567,-0.4202,0.7767,-0.4704,-0.9680,-0.0223,0.0162,-0.2494
0.9367,-1.7504,-1.3787,0.7296,-0.0982,-0.2024,0.1930,3.0216,13.7176,-0.9661,-0.9642,-0.0760,-0.0867,-0.2389
0.9568,-1.7515,-1.3808,0.7311,-0.1074,-0.2062,0.1649,2.7786,10.3135,-0.5706,-0.9589,-0.0990,-0.1237,-0.2355
0.9570,-1.7523,-1.3827,0.7322,-0.0924,-0.2012,0.1363,0.3994,4.3021,-0.0917,-0.9594,-0.0924,-0.1247,-0.2355
0.9683,-1.7534,-1.3847,0.7333,-0.0997,-0.2016,0.1182,-0.4590,1.2212,-0.0985,-0.9606,-0.0864,-0.1216,-0.2346
0.9774,-1.7545,-1.3868,0.7341,-0.1080,-0.1954,0.0908,0.3062,0.1964,0.2284,-0.9600,-0.0896,-0.1184,-0.2376
0.9968,-1.7555,-1.3886,0.7345,-0.0987,-0.1867,0.0615,-0.1082,-0.0571,-0.1405,-0.9607,-0.0876,-0.1176,-0.2355
0.9970,-1.7565,-1.3905,0.7351,-0.1046,-0.1960,0.0661,-0.2309,0.0325,-0.3262,-0.9613,-0.0865,-0.1182,-0.2332
1.0086,-1.7576,-1.3925,0.7356,-0.1022,-0.1957,0.0538,0.0172,0.1271,0.0015,-0.9609,-0.0875,-0.1190,-0.2343
1.0173,-1.7587,-1.3945,0.7364,-0.1093,-0.1992,0.0672,-0.7972,0.2968,-0.0408,-0.9613,-0.0814,-0.1226,-0.2329
1.0375,-1.7600,-1.3965,0.7369,-0.1265,-0.2026,0.0599,-0.1008,0.1045,0.0561,-0.9610,-0.0832,-0.1220,-0.2338
1.0376,-1.7613,-1.3985,0.7373,-0.1254,-0.1979,0.0446,0.1971,0.2165,0.1537,-0.9604,-0.0854,-0.1231,-0.2350
1.0476,-1.7622,-1.4004,0.7378,-0.1038,-0.1930,0.0493,-1.1980,0.1751,0.0677,-0.9612,-0.0751,-0.1263,-0.2336
1.0567,-1.7630,-1.4020,0.7369,-0.0915,-0.1773,-0.0338,-4.5946,-14.9464,2.3893,-0.9669,-0.0101,-0.0145,-0.2545
1.0791,-1.7641,-1.4039,0.7365,-0.1003,-0.1799,-0.0343,-3.4162,-10.9948,1.6128,-0.9653,0.0137,0.0229,-0.2598
1.0793,-1.7652,-1.4055,0.7366,-0.0981,-0.1553,-0.0089,-1.7417,-3.2549,-0.5650,-0.9678,0.0168,0.0141,-0.2507
1.0890,-1.7663,-1.4076,0.7364,-0.1111,-0.1928,-0.0146,-0.3387,-1.8906,0.6646,-0.9659,0.0141,0.0192,-0.2578
1.0970,-1.7675,-1.4095,0.7363,-0.1214,-0.2007,-0.0157,-0.4388,-0.3231,0.0124,-0.9665,0.0153,0.0146,-0.2558
1.1175,-1.7687,-1.4115,0.7360,-0.1209,-0.2009,-0.0216,-0.0461,0.9206,-0.1475,-0.9669,0.0121,0.0064,-0.2547
1.1177,-1.7698,-1.4136,0.7356,-0.1118,-0.2045,-0.0349,-0.0020,-0.1746,0.6248,-0.9654,0.0131,0.0110,-0.2603
1.1275,-1.7711,-1.4156,0.7351,-0.1189,-0.2018,-0.0436,0.0360,-0.7196,0.4114,-0.9650,0.0143,0.0164,-0.2615
1.1376,-1.7722,-1.4175,0.7346,-0.1150,-0.1947,-0.0469,-0.0351,-0.3995,-0.1553,-0.9657,0.0150,0.0171,-0.2588
1.1568,-1.7734,-1.4192,0.7343,-0.1195,-0.1762,-0.0322,-0.1514,1.1976,-0.4557,-0.9666,0.0132,0.0056,-0.2558
1.1570,-1.7746,-1.4209,0.7337,-0.1224,-0.1797,-0.0523,-0.4053,0.4474,-0.5584,-0.9674,0.0160,0.0053,-0.2528
1.1673,-1.7759,-1.4230,0.7333,-0.1254,-0.1924,-0.0461,0.3316,-0.4071,0.5730,-0.9656,0.0132,0.0113,-0.2593
1.1777,-1.7770,-1.4248,0.7318,-0.1147,-0.1846,-0.1026,1.7797,3.1700,-1.7737,-0.9700,-0.0075,-0.0127,-0.2427
1.1973,-1.7784,-1.4270,0.7307,-0.1248,-0.2035,-0.1052,1.5694,1.1353,-0.6384,-0.9697,-0.0144,-0.0099,-0.2435
1.1975,-1.7797,-1.4290,0.7302,-0.1325,-0.2077,-0.0761,1.0956,1.4249,-0.3745,-0.9698,-0.0197,-0.0167,-0.2426
1.2078,-1.7806,-1.4305,0.7294,-0.1100,-0.1756,-0.0810,-0.2713,1.0404,-0.7604,-0.9711,-0.0149,-0.0217,-0.2373
1.2178,-1.7818,-1.4324,0.7286,-0.1136,-0.1769,-0.0757,-0.2424,-0.5844,0.3928,-0.9698,-0.0117,-0.0137,-0.2432
1.2371,-1.7829,-1.4340,0.7281,-0.1123,-0.1711,-0.0638,0.0546,0.8780,0.2027,-0.9695,-0.0153,-0.0226,-0.2434
1.2373,-1.7839,-1.4355,0.7272,-0.1040,-0.1597,-0.0773,-0.3563,0.6145,-0.4574,-0.9706,-0.0128,-0.0254,-0.2389
1.2479,-1.7849,-1.4373,0.7261,-0.0989,-0.1682,-0.0969,-0.1894,-0.7972,0.3215,-0.9698,-0.0102,-0.0169,-0.2431
1.2576,-1.7858,-1.4392,0.7252,-0.0974,-0.1775,-0.0910,0.2559,-0.5042,0.6185,-0.9688,-0.0125,-0.0147,-0.2472
1.2784,-1.7866,-1.4403,0.7245,-0.0866,-0.1424,-0.0808,-0.5663,1.5793,-0.7611,-0.9706,-0.0109,-0.0306,-0.2386
1.2785,-1.7877,-1.4420,0.7237,-0.0985,-0.1501,-0.0771,-0.0832,-0.1796,0.2952,-0.9695,-0.0103,-0.0238,-0.2436
1.2880,-1.7888,-1.4435,0.7229,-0.1031,-0.1532,-0.0805,-0.0204,-0.6197,0.2783,-0.9693,-0.0092,-0.0193,-0.2449
1.2973,-1.7897,-1.4449,0.7221,-0.1006,-0.1505,-0.0811,0.4550,0.2480,0.3477,-0.9687,-0.0140,-0.0225,-0.2468
1.3179,-1.7905,-1.4467,0.7230,-0.0850,-0.1640,0.0174,5.0191,-2.9257,0.0852,-0.9677,-0.0471,0.0124,-0.2475
1.3180,-1.7913,-1.4483,0.7224,-0.0843,-0.1627,-0.0237,3.4068,-4.1279,0.1982,-0.9659,-0.0523,0.0397,-0.2504
1.3270,-1.7922,-1.4486,0.7221,-0.0885,-0.0895,-0.0308,1.8153,-2.9016,1.3677,-0.9626,-0.0535,0.0485,-0.2611
1.3376,-1.7930,-1.4496,0.7211,-0.0795,-0.0903,-0.0691,0.2095,-1.0916,0.8399,-0.9621,-0.0497,0.0468,-0.2639
1.3574,-1.7936,-1.4505,0.7204,-0.0720,-0.0909,-0.0709,-0.0436,-0.0657,-0.2374,-0.9636,-0.0492,0.0436,-0.2590
1.3576,-1.7941,-1.4522,0.7173,-0.0590,-0.1403,-0.2134,-5.6629,4.4846,-1.5861,-0.9690,-0.0126,-0.0047,-0.2467
1.3677,-1.7948,-1.4539,0.7153,-0.0659,-0.1564,-0.1998,-3.5419,3.0317,-0.9425,-0.9696,-0.0044,-0.0178,-0.2439
1.3780,-1.7957,-1.4554,0.7143,-0.0747,-0.1531,-0.1405,-1.2836,1.2280,-0.1807,-0.9692,-0.0058,-0.0172,-0.2457
1.3975,-1.7963,-1.4564,0.7137,-0.0695,-0.1148,-0.0953,-0.8960,1.2080,-0.6047,-0.9702,-0.0042,-0.0241,-0.2412
1.3977,-1.7969,-1.4571,0.7129,-0.0622,-0.0959,-0.0894,-0.6551,0.9691,-0.8014,-0.9711,-0.0031,-0.0282,-0.2368
1.4080,-1.7976,-1.4582,0.7119,-0.0680,-0.0996,-0.0933,-0.2206,-0.5993,-0.0953,-0.9709,-0.0014,-0.0200,-0.2386
1.4184,-1.7984,-1.4593,0.7110,-0.0715,-0.1028,-0.0914,0.4026,-0.5514,0.1984,-0.9705,-0.0049,-0.0163,-0.2407
1.4374,-1.7990,-1.4603,0.7100,-0.0691,-0.1063,-0.0948,0.9922,-0.4846,0.8049,-0.9690,-0.0109,-0.0128,-0.2466
1.4375,-1.7994,-1.4612,0.7091,-0.0538,-0.0976,-0.0958,0.0839,0.4836,-0.0432,-0.9697,-0.0098,-0.0189,-0.2435
1.4474,-1.7997,-1.4619,0.7080,-0.0396,-0.0796,-0.1016,-0.5120,1.0927,-0.9392,-0.9714,-0.0074,-0.0271,-0.2358
1.4582,-1.8004,-1.4627,0.7071,-0.0529,-0.0779,-0.0922,-0.3977,-0.2838,-0.0760,-0.9710,-0.0042,-0.0216,-0.2382
1.4783,-1.8010,-1.4635,0.7061,-0.0581,-0.0808,-0.0948,-0.1271,-1.1202,0.2493,-0.9706,-0.0024,-0.0131,-0.2405
1.4784,-1.8016,-1.4643,0.7052,-0.0563,-0.0768,-0.0962,-0.0823,-0.9085,0.1811,-0.9704,-0.0012,-0.0095,-0.2412
1.4878,-1.8021,-1.4649,0.7043,-0.0543,-0.0712,-0.0892,0.0816,-0.4390,0.0828,-0.9704,-0.0020,-0.0088,-0.2412
1.4980,-1.8026,-1.4655,0.7035,-0.0536,-0.0649,-0.0855,0.1200,0.9345,-0.2682,-0.9709,-0.0050,-0.0176,-0.2388
1.5178,-1.8031,-1.4661,0.7026,-0.0533,-0.0610,-0.0919,-0.1402,0.1701,-0.3452,-0.9714,-0.0031,-0.0162,-0.2368
1.5180,-1.8034,-1.4665,0.7015,-0.0388,-0.0498,-0.1007,-0.3239,0.2401,-0.7068,-0.9725,-0.0013,-0.0181,-0.2322
1.5282,-1.8038,-1.4673,0.7004,-0.0394,-0.0656,-0.1044,-1.4162,-0.1237,-0.9939,-0.9739,0.0100,-0.0189,-0.2258
1.5376,-1.8043,-1.4677,0.6995,-0.0457,-0.0527,-0.1027,-0.9772,-0.4964,-0.6151,-0.9743,0.0136,-0.0159,-0.2243
1.5578,-1.8048,-1.4682,0.6987,-0.0490,-0.0489,-0.0855,-0.2302,-0.7143,0.0199,-0.9739,0.0134,-0.0112,-0.2263
1.5580,-1.8053,-1.4686,0.6979,-0.0508,-0.0422,-0.0784,0.0237,-0.5164,0.0692,-0.9738,0.0128,-0.0091,-0.2268
1.5675,-1.8059,-1.4689,0.6972,-0.0513,-0.0356,-0.0725,0.2154,-0.2869,-0.0325,-0.9740,0.0112,-0.0081,-0.2263
1.5775,-1.8064,-1.4691,0.6967,-0.0514,-0.0317,-0.0633,0.3648,-0.2547,-0.0401,-0.9740,0.0093,-0.0065,-0.2261
1.5979,-1.8070,-1.4693,0.6963,-0.0574,-0.0202,-0.0491,0.4195,1.0862,-0.2839,-0.9745,0.0047,-0.0159,-0.2239
1.5980,-1.8074,-1.4694,0.6954,-0.0448,-0.0152,-0.0732,-0.4153,0.5652,-0.6044,-0.9753,0.0093,-0.0179,-0.2198
1.6072,-1.8078,-1.4693,0.6946,-0.0446,-0.0007,-0.0778,-0.6624,0.5237,-1.0414,-0.9766,0.0125,-0.0211,-0.2134
1.6173,-1.8082,-1.4694,0.6940,-0.0439,-0.0055,-0.0665,-0.1452,0.1376,-0.3535,-0.9766,0.0117,-0.0203,-0.2140
1.6373,-1.8088,-1.4695,0.6934,-0.0509,-0.0086,-0.0603,-0.0311,-0.7753,0.1736,-0.9761,0.0130,-0.0133,-0.2165
1.6375,-1.8095,-1.4694,0.6932,-0.0631,0.0018,-0.0368,1.1000,-1.2853,1.0231,-0.9745,0.0056,-0.0031,-0.2243
1.6479,-1.8102,-1.4693,0.6929,-0.0650,0.0074,-0.0324,0.8982,-0.8627,0.7115,-0.9739,0.0026,0.0006,-0.2268
1.6578,-1.8106,-1.4694,0.6922,-0.0530,-0.0020,-0.0555,-0.6372,-0.2376,-0.5426,-0.9755,0.0107,-0.0023,-0.2199
1.6780,-1.8112,-1.4693,0.6918,-0.0521,0.0051,-0.0477,-0.6703,0.1587,-0.6741,-0.9763,0.0137,-0.0053,-0.2161
1.6781,-1.8117,-1.4692,0.6915,-0.0532,0.0056,-0.0366,0.0534,0.9980,-0.5864,-0.9768,0.0093,-0.0124,-0.2138
1.6881,-1.8123,-1.4690,0.6911,-0.0573,0.0124,-0.0367,0.2041,0.6689,-0.3689,-0.9770,0.0073,-0.0142,-0.2127
1.6973,-1.8127,-1.4687,0.6908,-0.0517,0.0285,-0.0337,-0.2911,0.4457,-0.5884,-0.9777,0.0100,-0.0162,-0.2092
1.7172,-1.8133,-1.4684,0.6906,-0.0548,0.0257,-0.0291,-0.3617,-1.0467,0.4256,-0.9766,0.0142,-0.0065,-0.2145
1.7174,-1.8141,-1.4679,0.6903,-0.0712,0.0402,-0.0305,0.2694,-0.6315,-0.1508,-0.9773,0.0111,-0.0041,-0.2117
1.7277,-1.8148,-1.4675,0.6901,-0.0689,0.0406,-0.0240,0.3239,-0.2501,-0.2167,-0.9776,0.0093,-0.0037,-0.2104
1.7376,-1.8155,-1.4670,0.6902,-0.0691,0.0443,-0.0034,0.5212,1.0242,-0.2942,-0.9779,0.0042,-0.0124,-0.2088
1.7583,-1.8162,-1.4665,0.6901,-0.0684,0.0470,-0.0040,0.2568,0.4666,-0.3177,-0.9782,0.0036,-0.0128,-0.2072
1.7585,-1.8167,-1.4659,0.6899,-0.0584,0.0555,-0.0139,-0.2451,0.3127,-0.5916,-0.9790,0.0063,-0.0144,-0.2033
1.7674,-1.8175,-1.4653,0.6899,-0.0710,0.0575,-0.0090,1.0290,-0.8830,0.6085,-0.9776,-0.0013,-0.0039,-0.2105
1.7779,-1.8182,-1.4649,0.6899,-0.0705,0.0464,-0.0042,1.1167,-0.9770,1.0240,-0.9762,-0.0061,0.0024,-0.2170
1.7975,-1.8188,-1.4642,0.6898,-0.0657,0.0629,-0.0066,0.7780,-0.3532,0.4569,-0.9761,-0.0087,0.0026,-0.2172
1.7977,-1.8196,-1.4634,0.6899,-0.0705,0.0728,0.0019,0.2350,1.0980,-0.5233,-0.9774,-0.0103,-0.0077,-0.2112
1.8078,-1.8199,-1.4626,0.6896,-0.0482,0.0778,-0.0130,-0.0183,1.6783,-0.7712,-0.9782,-0.0116,-0.0179,-0.2065
1.8175,-1.8208,-1.4619,0.6898,-0.0724,0.0721,0.0068,-0.5426,-0.5424,-0.3358,-0.9784,-0.0051,-0.0087,-0.2063
1.8376,-1.8216,-1.4614,0.6901,-0.0800,0.0642,0.0177,-0.0166,-0.4328,0.1541,-0.9779,-0.0064,-0.0067,-0.2087
1.8378,-1.8222,-1.4606,0.6902,-0.0685,0.0714,0.0135,0.4233,1.0478,0.0737,-0.9778,-0.0123,-0.0161,-0.2088
1.8496,-1.8227,-1.4598,0.6902,-0.0568,0.0760,0.0088,0.1226,1.1158,-0.6958,-0.9789,-0.0132,-0.0219,-0.2025
1.8611,-1.8235,-1.4591,0.6903,-0.0690,0.0685,0.0059,-0.2340,-1.0500,0.0442,-0.9786,-0.0082,-0.0099,-0.2054
1.8787,-1.8242,-1.4583,0.6905,-0.0679,0.0750,0.0149,0.2872,-0.6094,0.3429,-0.9780,-0.0111,-0.0075,-0.2082
1.8789,-1.8250,-1.4575,0.6908,-0.0730,0.0822,0.0261,0.4220,0.6149,-0.1240,-0.9784,-0.0151,-0.0141,-0.2059
1.8872,-1.8255,-1.4565,0.6910,-0.0612,0.0929,0.0184,-0.1703,1.0482,-0.8803,-0.9797,-0.0137,-0.0209,-0.1990
1.8973,-1.8262,-1.4557,0.6910,-0.0671,0.0835,0.0076,-0.5078,-1.1883,-0.1208,-0.9795,-0.0074,-0.0084,-0.2010
1.9186,-1.8269,-1.4549,0.6913,-0.0692,0.0821,0.0231,0.0720,-0.2434,0.1720,-0.9791,-0.0102,-0.0100,-0.2028
1.9187,-1.8275,-1.4542,0.6915,-0.0604,0.0712,0.0222,0.5232,0.4102,0.0846,-0.9790,-0.0154,-0.0135,-0.2030
1.9272,-1.8278,-1.4533,0.6916,-0.0456,0.0908,0.0165,-0.0056,0.6013,-0.4604,-0.9798,-0.0141,-0.0171,-0.1988
1.9375,-1.8284,-1.4523,0.6915,-0.0554,0.0901,0.0001,0.1681,-0.3737,0.0690,-0.9794,-0.0145,-0.0119,-0.2010
1.9575,-1.8290,-1.4514,0.6917,-0.0571,0.0908,0.0074,0.6057,0.3666,0.0433,-0.9793,-0.0200,-0.0153,-0.2011
1.9576,-1.8297,-1.4506,0.6919,-0.0642,0.0870,0.0198,-0.0660,0.0093,-0.1623,-0.9796,-0.0170,-0.0146,-0.1996
1.9675,-1.8302,-1.4497,0.6920,-0.0545,0.0887,0.0141,0.1992,0.7535,-0.1437,-0.9796,-0.0202,-0.0204,-0.1988
1.9781,-1.8306,-1.4487,0.6918,-0.0496,0.0951,-0.0074,-0.4373,0.1881,-0.2011,-0.9800,-0.0157,-0.0202,-0.1976
1.9975,-1.8308,-1.4475,0.6914,-0.0333,0.1095,-0.0266,-0.4703,1.7179,-1.0147,-0.9811,-0.0161,-0.0343,-0.1895
1.9976,-1.8314,-1.4467,0.6912,-0.0468,0.0903,-0.0233,-0.1018,0.5160,0.0239,-0.9805,-0.0164,-0.0326,-0.1932
2.0109,-1.8319,-1.4457,0.6908,-0.0481,0.0974,-0.0351,0.2144,-0.3903,0.2782,-0.9802,-0.0175,-0.0273,-0.1956
2.0185,-1.8322,-1.4446,0.6899,-0.0380,0.0988,-0.0647,-0.0731,0.0166,-0.2143,-0.9807,-0.0165,-0.0289,-0.1928
2.0373,-1.8325,-1.4437,0.6889,-0.0321,0.1003,-0.0865,-0.3948,0.4914,-0.1348,-0.9807,-0.0143,-0.0335,-0.1923
2.0374,-1.8328,-1.4427,0.6879,-0.0342,0.1021,-0.0973,-0.0088,0.6043,-0.1038,-0.9806,-0.0162,-0.0365,-0.1919
2.0479,-1.8330,-1.4417,0.6868,-0.0251,0.0983,-0.1049,-0.2700,0.1630,-0.0631,-0.9807,-0.0139,-0.0363,-0.1916
2.0576,-1.8329,-1.4406,0.6852,-0.0035,0.1035,-0.1310,-0.2920,0.0820,0.2407,-0.9803,-0.0123,-0.0368,-0.1938
2.0792,-1.8331,-1.4396,0.6836,-0.0150,0.1023,-0.1497,0.1279,0.0045,-0.0404,-0.9805,-0.0143,-0.0361,-0.1927
2.0794,-1.8335,-1.4388,0.6821,-0.0285,0.0862,-0.1433,1.4960,-0.1936,0.6146,-0.9792,-0.0263,-0.0320,-0.1986
2.0871,-1.8335,-1.4376,0.6802,-0.0090,0.1123,-0.1848,0.3227,0.0048,-0.2682,-0.9801,-0.0236,-0.0333,-0.1940
2.0978,-1.8333,-1.4363,0.6779,0.0068,0.1215,-0.2053,-0.2788,0.9546,-0.6072,-0.9807,-0.0219,-0.0416,-0.1896
2.1174,-1.8330,-1.4350,0.6753,0.0233,0.1295,-0.2424,-0.5368,0.5234,-0.1118,-0.9805,-0.0186,-0.0432,-0.1906
2.1175,-1.8330,-1.4340,0.6726,0.0042,0.1116,-0.2595,-0.1100,0.4844,-0.2852,-0.9808,-0.0200,-0.0453,-0.1886
2.1273,-1.8325,-1.4328,0.6698,0.0330,0.1133,-0.2750,-0.3044,-0.1431,0.2856,-0.9803,-0.0172,-0.0429,-0.1919
2.1378,-1.8325,-1.4318,0.6667,0.0159,0.1046,-0.2846,0.0522,-0.7599,0.0054,-0.9807,-0.0175,-0.0367,-0.1911
2.1598,-1.8323,-1.4307,0.6635,0.0144,0.1083,-0.3045,0.2497,-0.2699,-0.2862,-0.9811,-0.0195,-0.0366,-0.1888
2.1599,-1.8317,-1.4294,0.6600,0.0440,0.1178,-0.3266,-0.9356,-0.4191,0.1412,-0.9809,-0.0103,-0.0357,-0.1907
2.1674,-1.8311,-1.4282,0.6561,0.0552,0.1192,-0.3713,-0.7916,-0.1085,-0.0070,-0.9811,-0.0071,-0.0369,-0.1900
2.1799,-1.8306,-1.4274,0.6517,0.0449,0.0946,-0.3882,0.5729,0.3353,0.0940,-0.9807,-0.0152,-0.0387,-0.1911
2.1984,-1.8301,-1.4261,0.6476,0.0553,0.1168,-0.4221,0.7074,0.4789,-0.1430,-0.9808,-0.0194,-0.0406,-0.1897
2.1985,-1.8295,-1.4248,0.6438,0.0537,0.1236,-0.3984,-0.1359,1.0027,-0.5096,-0.9813,-0.0175,-0.0479,-0.1856
2.2102,-1.8286,-1.4234,0.6394,0.0722,0.1296,-0.4069,-0.2421,1.8522,-0.7407,-0.9815,-0.0184,-0.0604,-0.1807
2.2179,-1.8277,-1.4219,0.6351,0.0846,0.1479,-0.4299,-0.9238,0.5360,-0.2972,-0.9817,-0.0112,-0.0595,-0.1804
2.2374,-1.8268,-1.4211,0.6303,0.0925,0.1054,-0.4572,-2.3041,-0.8840,0.4917,-0.9814,0.0068,-0.0533,-0.1845
2.2376,-1.8260,-1.4202,0.6255,0.0823,0.1016,-0.4858,-0.3250,-0.6912,0.0648,-0.9818,0.0019,-0.0497,-0.1835
2.2485,-1.8251,-1.4185,0.6207,0.0838,0.1361,-0.4657,-0.3220,1.4676,-1.2437,-0.9828,0.0003,-0.0647,-0.1728
2.2572,-1.8241,-1.4173,0.6161,0.0980,0.1362,-0.4881,0.2746,0.7118,-0.1044,-0.9821,-0.0029,-0.0646,-0.1767
2.2778,-1.8229,-1.4160,0.6106,0.1113,0.1244,-0.5174,0.2694,-0.7762,0.6420,-0.9816,-0.0023,-0.0556,-0.1825
2.2779,-1.8215,-1.4143,0.6058,0.1293,0.1521,-0.4890,0.2946,1.3029,-0.5786,-0.9821,-0.0068,-0.0689,-0.1754
2.2881,-1.8203,-1.4129,0.6008,0.1203,0.1461,-0.4902,-0.0557,-0.7250,0.2270,-0.9820,-0.0032,-0.0587,-0.1793
2.2973,-1.8190,-1.4113,0.5956,0.1318,0.1552,-0.5243,-0.3889,-0.2474,0.0368,-0.9821,-0.0003,-0.0597,-0.1786
2.3174,-1.8177,-1.4098,0.5927,0.1270,0.1555,-0.3829,4.5113,-6.5964,0.9384,-0.9818,-0.0287,0.0012,-0.1880
2.3175,-1.8160,-1.4080,0.5879,0.1577,0.1689,-0.4431,3.3456,-4.2140,0.6786,-0.9808,-0.0387,0.0158,-0.1905
2.3275,-1.8143,-1.4065,0.5828,0.1614,0.1582,-0.4775,1.8377,-1.0490,0.8512,-0.9798,-0.0441,0.0110,-0.1948
2.3378,-1.8125,-1.4051,0.5770,0.1704,0.1468,-0.5338,0.9611,-0.3053,0.4061,-0.9796,-0.0461,0.0103,-0.1952
2.3574,-1.8105,-1.4034,0.5716,0.1858,0.1591,-0.5388,0.1042,-0.4857,-0.0647,-0.9801,-0.0430,0.0129,-0.1935
2.3575,-1.8086,-1.4019,0.5668,0.1960,0.1544,-0.5137,0.0921,-0.6825,0.4882,-0.9792,-0.0427,0.0167,-0.1979
2.3680,-1.8063,-1.4001,0.5613,0.2067,0.1688,-0.5237,0.1539,0.1837,-0.1375,-0.9797,-0.0444,0.0132,-0.1949
2.3778,-1.8038,-1.3977,0.5544,0.2374,0.2064,-0.6199,-4.5411,7.1421,-0.9374,-0.9812,-0.0175,-0.0529,-0.1848
2.3979,-1.8015,-1.3961,0.5487,0.2277,0.1825,-0.5868,-3.2138,3.9139,0.2538,-0.9799,-0.0070,-0.0635,-0.1890
2.3980,-1.7991,-1.3944,0.5433,0.2416,0.1729,-0.5732,-0.3387,2.0877,0.8164,-0.9784,-0.0155,-0.0654,-0.1957
2.4078,-1.7971,-1.3928,0.5394,0.2194,0.1657,-0.4627,0.2907,-0.7745,0.8327,-0.9783,-0.0159,-0.0513,-0.2002
2.4176,-1.7940,-1.3904,0.5353,0.2699,0.2165,-0.4340,-0.2915,-4.0116,0.5804,-0.9790,-0.0060,-0.0218,-0.2024
2.4383,-1.7911,-1.3881,0.5309,0.2927,0.2256,-0.4540,-1.7443,-1.6473,0.3865,-0.9787,0.0070,-0.0250,-0.2036
2.4384,-1.7877,-1.3865,0.5262,0.2952,0.1759,-0.4294,-3.5116,0.2843,0.1354,-0.9779,0.0303,-0.0379,-0.2033
2.4479,-1.7849,-1.3848,0.5224,0.2960,0.1732,-0.4109,-2.1569,-0.4710,0.4955,-0.9772,0.0367,-0.0338,-0.2065
2.4572,-1.7817,-1.3820,0.5192,0.3143,0.2417,-0.3660,0.8102,2.2337,-0.5928,-0.9780,0.0184,-0.0509,-0.2014
2.4777,-1.7785,-1.3796,0.5156,0.3193,0.2384,-0.3562,0.8197,1.7567,-0.3315,-0.9778,0.0127,-0.0573,-0.2010
2.4778,-1.7752,-1.3778,0.5115,0.3229,0.2045,-0.3859,2.5585,1.8973,-0.5286,-0.9779,-0.0078,-0.0632,-0.1991
2.4875,-1.7718,-1.3757,0.5082,0.3331,0.2091,-0.3549,1.3307,1.0637,-0.4922,-0.9782,-0.0109,-0.0651,-0.1969
2.4978,-1.7680,-1.3734,0.5053,0.3646,0.2232,-0.3234,0.3100,0.4674,-0.0491,-0.9780,-0.0088,-0.0657,-0.1980
2.5173,-1.7641,-1.3710,0.5026,0.3714,0.2255,-0.2800,-0.1424,0.1214,0.1761,-0.9777,-0.0063,-0.0656,-0.1995
2.5175,-1.7601,-1.3687,0.5003,0.3992,0.2371,-0.2592,-0.1908,0.3177,0.1658,-0.9774,-0.0057,-0.0680,-0.2002
2.5270,-1.7559,-1.3661,0.4983,0.4224,0.2596,-0.2339,-0.3618,0.6140,-0.2889,-0.9777,-0.0044,-0.0724,-0.1971
2.5371,-1.7516,-1.3635,0.4966,0.4223,0.2566,-0.1879,0.2180,-0.4118,-0.1330,-0.9781,-0.0064,-0.0663,-0.1972
2.5571,-1.7474,-1.3609,0.4957,0.4040,0.2502,-0.1307,1.2421,-2.4238,-0.1207,-0.9792,-0.0124,-0.0451,-0.1974
2.5572,-1.7435,-1.3586,0.4951,0.4083,0.2418,-0.0895,2.0968,-4.4599,0.5232,-0.9789,-0.0194,-0.0145,-0.2030
2.5665,-1.7395,-1.3561,0.4949,0.4141,0.2578,-0.0502,2.1965,-4.7491,0.1082,-0.9789,-0.0251,0.0109,-0.2026
2.5770,-1.7355,-1.3534,0.4951,0.4022,0.2572,-0.0093,1.2131,-3.7565,-0.2762,-0.9790,-0.0246,0.0273,-0.2005
2.5984,-1.7311,-1.3508,0.4976,0.4027,0.2451,0.1394,2.9018,11.6428,-0.6046,-0.9762,-0.0676,-0.0804,-0.1896
2.5985,-1.7271,-1.3481,0.4994,0.3902,0.2554,0.1583,0.3685,8.9815,-0.4663,-0.9736,-0.0680,-0.1176,-0.1832
2.6075,-1.7359,-1.3563,0.5037,-0.3598,-0.3845,0.3324,-58.5526,78.2703,10.2176,-0.7195,0.2448,-0.6416,-0.1035
2.6169,-1.7366,-1.3576,0.5066,-0.1950,-0.2409,0.3159,-79.4995,99.6919,15.6323,-0.1243,0.4755,-0.8705,0.0256
2.6374,-1.7337,-1.3553,0.5081,0.0991,0.0386,0.2251,-49.5873,60.6851,10.4518,0.1052,0.5092,-0.8509,0.0750
2.6375,-1.7294,-1.3521,0.5104,0.2823,0.2018,0.2149,-17.9807,22.3949,4.2728,0.1160,0.5140,-0.8463,0.0786
2.6477,-1.7255,-1.3489,0.5123,0.3508,0.2729,0.2046,-0.5319,1.1644,0.2546,0.0303,0.5033,-0.8613,0.0632
2.6579,-1.7216,-1.3458,0.5145,0.3578,0.2858,0.2058,4.1302,-4.5218,-0.8402,-0.0253,0.4940,-0.8675,0.0522
2.6801,-1.7180,-1.3427,0.5171,0.3563,0.2975,0.2371,2.8382,-3.2797,-0.6499,-0.0405,0.4909,-0.8689,0.0498
2.6803,-1.7144,-1.3395,0.5198,0.3351,0.2876,0.2376,1.5560,-0.9877,-0.0252,-0.0411,0.4923,-0.8683,0.0448
2.6875,-1.6995,-1.3260,0.5209,1.0821,0.9745,0.1819,59.4524,-70.4566,2.8037,-0.6207,0.3760,-0.6841,-0.0737
2.6972,-1.6914,-1.3186,0.5230,0.9230,0.8306,0.1999,80.2116,-92.3527,3.2331,-0.9655,0.0655,-0.1888,-0.1671
2.7173,-1.6873,-1.3149,0.5250,0.6362,0.5781,0.2092,50.9959,-57.1207,2.6876,-0.9813,-0.0569,-0.0058,-0.1838
2.7174,-1.6842,-1.3123,0.5271,0.4344,0.3836,0.2071,20.3249,-20.3778,1.9218,-0.9803,-0.0735,-0.0088,-0.1832
2.7279,-1.6813,-1.3093,0.5283,0.3509,0.3344,0.1557,3.0250,1.8323,1.8829,-0.9777,-0.0485,-0.0996,-0.1784
2.7373,-1.6780,-1.3066,0.5300,0.3313,0.2897,0.1620,-1.7675,6.4184,0.7365,-0.9728,-0.0330,-0.1515,-0.1719
2.7583,-1.6747,-1.3037,0.5305,0.3332,0.2943,0.0957,-0.9239,7.1980,-0.2140,-0.9670,-0.0390,-0.1890,-0.1663
2.7584,-1.6712,-1.3004,0.5309,0.3449,0.3135,0.0615,0.3972,5.1167,-0.4004,-0.9634,-0.0490,-0.2059,-0.1647
2.7671,-1.6670,-1.2971,0.5309,0.3828,0.3192,0.0224,0.8643,3.1231,-0.6462,-0.9618,-0.0571,-0.2131,-0.1618
2.7782,-1.6630,-1.2941,0.5305,0.3870,0.3055,-0.0101,0.5945,2.2836,-0.7054,-0.9604,-0.0614,-0.2211,-0.1580
2.7971,-1.6590,-1.2910,0.5298,0.4077,0.3144,-0.0508,0.4996,1.9911,-0.1469,-0.9582,-0.0644,-0.2289,-0.1592
2.7972,-1.6549,-1.2881,0.5290,0.4101,0.3018,-0.0639,0.5500,1.5603,0.5570,-0.9557,-0.0669,-0.2349,-0.1644
2.8078,-1.6503,-1.2851,0.5276,0.4287,0.2921,-0.1080,-0.5283,1.5019,-0.0491,-0.9546,-0.0626,-0.2431,-0.1601
2.8178,-1.6447,-1.2820,0.5220,0.5099,0.3055,-0.3761,2.6086,-12.0013,0.6008,-0.9725,-0.0667,-0.1364,-0.1765
2.8384,-1.6394,-1.2770,0.5208,0.5190,0.4170,-0.2240,-0.5986,-9.8315,0.4505,-0.9776,-0.0450,-0.0981,-0.1809
2.8385,-1.6345,-1.2738,0.5206,0.4789,0.3448,-0.0965,0.9481,-9.4357,1.0443,-0.9795,-0.0459,-0.0481,-0.1903
2.8485,-1.6295,-1.2732,0.5191,0.5105,0.1864,-0.1326,-11.2938,-8.5534,-2.6423,-0.9837,0.0576,-0.0307,-0.1678
2.8576,-1.6239,-1.2713,0.5165,0.5383,0.1940,-0.2054,-10.0759,-5.8543,-1.5687,-0.9809,0.1061,-0.0183,-0.1619
2.8788,-1.6197,-1.2678,0.5110,0.4758,0.2839,-0.4139,7.6943,4.6070,2.3244,-0.9797,-0.0001,-0.0561,-0.1927
2.8789,-1.6148,-1.2646,0.5064,0.4701,0.2961,-0.4309,5.5153,-1.0006,2.8421,-0.9768,-0.0146,-0.0290,-0.2118
2.8876,-1.6090,-1.2616,0.5046,0.5477,0.3102,-0.2920,4.4027,8.4425,0.9711,-0.9726,-0.0486,-0.0970,-0.2055
2.8967,-1.6032,-1.2586,0.5019,0.5875,0.3162,-0.2913,1.5839,5.0663,0.2990,-0.9718,-0.0487,-0.1088,-0.2034
2.9182,-1.5973,-1.2550,0.4986,0.5863,0.3367,-0.3084,-0.3586,1.4604,0.0822,-0.9728,-0.0397,-0.1059,-0.2021
2.9183,-1.5913,-1.2513,0.4950,0.5710,0.3429,-0.3247,-0.6657,-1.0569,0.5156,-0.9735,-0.0318,-0.0932,-0.2062
2.9281,-1.5850,-1.2447,0.4927,0.6126,0.5347,-0.2733,-0.2178,1.5196,-2.1196,-0.9757,-0.0376,-0.1088,-0.1864
2.9374,-1.5706,-1.2340,0.4874,1.1191,0.8634,-0.4320,-53.2914,71.1724,-34.1984,-0.7690,0.2068,-0.5915,0.1266
2.9568,-1.5614,-1.2279,0.4824,1.0036,0.7200,-0.4742,-74.4492,99.3369,-46.3946,-0.1258,0.3772,-0.8225,0.4066
2.9569,-1.5550,-1.2233,0.4781,0.8097,0.5762,-0.4583,-49.8581,66.1894,-29.0787,0.1470,0.3929,-0.7787,0.4664
2.9672,-1.5490,-1.2191,0.4735,0.6560,0.4658,-0.4439,-24.5267,30.0659,-10.9923,0.2147,0.3912,-0.7457,0.4948
2.9786,-1.5521,-1.2228,0.4714,0.0922,-0.0232,-0.3079,-85.0660,74.7330,-52.9162,0.8367,0.1175,-0.3207,0.4282
2.9971,-1.5494,-1.2203,0.4693,0.2018,0.1385,-0.2519,-88.4932,71.2070,-53.0320,0.9484,-0.1981,0.1375,0.2058
2.9972,-1.5434,-1.2149,0.4661,0.4372,0.3771,-0.2925,-53.7046,43.3208,-30.3046,0.8929,-0.3170,0.2965,0.1196
3.0087,-1.5364,-1.2081,0.4628,0.5857,0.5550,-0.3151,-19.4192,16.3094,-9.0612,0.8916,-0.3245,0.2863,0.1335
3.0173,-1.5291,-1.2007,0.4595,0.6730,0.6647,-0.3208,0.9408,1.8374,0.8044,0.9169,-0.2772,0.2266,0.1764
3.0375,-1.5217,-1.1910,0.4581,0.7401,0.8695,-0.2220,5.8440,-4.8923,4.2818,0.9316,-0.2515,0.1660,0.2033
3.0377,-1.5141,-1.1824,0.4546,0.7119,0.8218,-0.2858,3.6049,-4.4453,4.2677,0.9330,-0.2482,0.1369,0.2217
3.0476,-1.5065,-1.1743,0.4506,0.7492,0.8269,-0.3577,2.2267,-2.4811,1.6682,0.9354,-0.2438,0.1311,0.2199
3.0573,-1.4984,-1.1651,0.4473,0.7862,0.8827,-0.3447,2.1371,1.9373,-0.7954,0.9372,-0.2269,0.1548,0.2149
3.0801,-1.4899,-1.1558,0.4430,0.8060,0.8903,-0.3853,2.6221,0.5056,-0.6926,0.9416,-0.2125,0.1502,0.2139
3.0802,-1.4812,-1.1460,0.4382,0.8000,0.8950,-0.4193,5.4766,-1.7651,-0.0901,0.9512,-0.1789,0.1250,0.2180
3.0870,-1.4730,-1.1364,0.4341,0.8787,1.0035,-0.4435,5.8051,-0.8252,-1.1600,0.9576,-0.1527,0.1207,0.2122
3.0969,-1.4639,-1.1258,0.4293,0.9202,1.0696,-0.4781,6.1367,-0.5379,-2.3418,0.9652,-0.1221,0.1146,0.2008
3.1173,-1.4451,-1.1061,0.4262,1.5042,1.6126,-0.3841,61.0237,-69.2803,30.9590,0.8014,0.1702,-0.4393,0.3685
3.1175,-1.4423,-1.1011,0.4200,0.7441,0.9172,-0.5048,13.5126,-0.9406,13.7440,0.8674,0.2225,-0.3177,0.3117
3.1272,-1.4354,-1.0943,0.4127,0.7267,0.7945,-0.6461,-19.5148,34.3334,-1.3457,0.9682,0.1249,-0.0171,0.2161
3.1377,-1.4263,-1.0847,0.4065,0.8262,0.8839,-0.6240,-18.7730,29.5524,-5.6954,0.9773,0.0712,0.1297,0.1519
3.1570,-1.4161,-1.0745,0.4011,0.9285,0.9504,-0.5683,-7.0791,12.9985,-5.3267,0.9780,0.0840,0.1406,0.1291
3.1571,-1.4058,-1.0644,0.3962,1.0181,1.0145,-0.5390,1.8063,2.6150,-3.9555,0.9779,0.1238,0.1121,0.1258
3.1677,-1.3947,-1.0542,0.3908,1.0354,0.9867,-0.5224,6.0864,-1.5619,-2.7960,0.9743,0.1681,0.0845,0.1241
3.1772,-1.3843,-1.0441,0.3856,1.0573,1.0178,-0.5272,7.2722,-2.0854,-2.3193,0.9689,0.2059,0.0666,0.1201
3.1984,-1.3732,-1.0347,0.3804,1.0629,0.9452,-0.5091,6.8076,-0.9891,-1.6084,0.9622,0.2389,0.0600,0.1163
3.1985,-1.3622,-1.0254,0.3748,1.0433,0.9015,-0.5199,5.3379,-0.4513,-2.1047,0.9578,0.2620,0.0532,0.1053
3.2082,-1.3513,-1.0173,0.3691,1.0918,0.8601,-0.5597,5.6021,0.2043,-0.8667,0.9499,0.2891,0.0539,0.1058
3.2182,-1.3403,-1.0094,0.3635,1.1193,0.8436,-0.5751,3.2924,-0.6952,-2.0665,0.9494,0.2964,0.0424,0.0952
3.2374,-1.3290,-1.0020,0.3576,1.1341,0.7840,-0.5848,3.1748,0.1376,-1.6274,0.9452,0.3115,0.0424,0.0883
3.2375,-1.3176,-0.9952,0.3515,1.1538,0.7360,-0.6120,2.0983,-1.3504,-1.4238,0.9441,0.3169,0.0288,0.0867
3.2471,-1.3061,-0.9890,0.3451,1.1623,0.6689,-0.6342,1.8103,-0.8831,-0.7373,0.9417,0.3242,0.0251,0.0865
3.2569,-1.2946,-0.9834,0.3384,1.1585,0.6074,-0.6531,1.1398,-0.6752,-0.7126,0.9410,0.3272,0.0212,0.0842
3.2775,-1.2829,-0.9785,0.3315,1.1338,0.5260,-0.6596,0.3152,-0.5465,-0.4805,0.9415,0.3259,0.0185,0.0834
3.2776,-1.2717,-0.9743,0.3249,1.1316,0.4668,-0.6599,-0.4069,-0.4658,-0.4677,0.9432,0.3215,0.0162,0.0819
3.2880,-1.2596,-0.9706,0.3177,1.1398,0.3962,-0.6784,-0.9038,-0.1360,-0.0738,0.9452,0.3154,0.0174,0.0825
3.2973,-1.2480,-0.9677,0.3101,1.2041,0.3487,-0.7522,-0.5329,-0.6318,1.1712,0.9447,0.3138,0.0160,0.0935
3.3175,-1.2368,-0.9653,0.3033,1.1645,0.2862,-0.7188,1.2261,5.4110,3.0421,0.9368,0.3292,0.0658,0.0991
3.3177,-1.2138,-0.9600,0.3028,1.8139,0.4224,-0.3142,32.9443,-78.1136,-22.2531,0.7306,0.4167,-0.5233,0.1371
3.3273,-1.1988,-0.9570,0.2977,1.6652,0.3586,-0.4376,43.3240,-116.7554,-34.4750,0.1290,0.2880,-0.9392,0.1356
3.3383,-1.1852,-0.9545,0.2912,1.4140,0.2793,-0.5409,20.2979,-74.6807,-25.3703,-0.1647,0.1976,-0.9491,0.1818
3.3578,-1.1745,-0.9528,0.2837,1.1830,0.2105,-0.6470,5.0805,-27.7128,-15.0998,-0.1639,0.1723,-0.9430,0.2328
3.3579,-1.1637,-0.9519,0.2759,1.1501,0.1468,-0.7469,-3.5097,-0.9358,-5.7937,-0.0779,0.2096,-0.9374,0.2668
3.3676,-1.1769,-0.9654,0.2570,-0.3166,-0.7404,-1.4181,17.8602,-6.3913,17.9019,-0.1923,0.3268,-0.9192,0.1062
3.3776,-1.1498,-0.9571,0.2544,1.4736,0.1851,-0.7468,-8.2447,-1.9011,-1.2785,-0.1299,0.2911,-0.9191,0.2318
3.3984,-1.1310,-0.9531,0.2492,1.6909,0.3048,-0.6026,-12.9318,-0.8604,-5.2131,-0.0955,0.2651,-0.9075,0.3117
3.3985,-1.1180,-0.9522,0.2425,1.4989,0.1845,-0.6552,-12.9059,-1.2898,-4.4125,-0.0807,0.2508,-0.8904,0.3710
3.4083,-1.1163,-0.9577,0.2316,0.6971,-0.2526,-0.9012,-42.6688,78.8037,-40.6921,0.5659,0.2351,-0.6784,0.4053
3.4184,-1.1090,-0.9612,0.2210,0.7003,-0.3004,-0.9822,-57.5187,101.9135,-57.9291,0.9766,0.0049,-0.1358,0.1668
3.4611,-1.0901,-0.9555,0.2180,1.4491,0.2093,-0.6125,-88.3941,163.7949,-98.9992,0.5310,-0.2748,0.7410,-0.3057
3.4796,-1.0551,-0.9604,0.1817,1.0030,-0.0608,-0.6801,3.5609,14.5753,-4.2125,0.9879,-0.1131,0.0117,0.1051
3.4797,-1.0244,-0.9579,0.1431,2.9877,0.2408,-3.7436,1.1318,-8.3392,8.0915,0.9825,-0.1145,-0.0354,0.1424
3.4887,-1.0139,-0.9579,0.1329,1.7618,0.0869,-2.0172,0.4651,-3.4669,3.3969,0.9819,-0.1143,-0.0395,0.1457
3.4978,-1.0180,-0.9608,0.1442,0.5088,-0.1388,-0.1769,9.2061,-3.0601,3.5944,0.9846,-0.0427,-0.0667,0.1558
3.5178,-1.0138,-0.9619,0.1452,0.4606,-0.1218,-0.0116,17.6562,-3.9751,4.2356,0.9775,0.0685,-0.1088,0.1673
3.5179,-1.0399,-0.9734,0.1878,-1.3430,-0.7218,2.4851,19.8789,-1.5546,10.5658,0.9498,0.1862,-0.1150,0.2237
3.5281,-1.0375,-0.9781,0.1900,-0.3921,-0.5584,1.1077,15.0965,-1.5845,10.6314,0.9213,0.2510,-0.1229,0.2705
3.5379,-1.0003,-0.9749,0.1420,2.0372,-0.0481,-2.3762,14.2730,-4.4249,8.8104,0.8878,0.3046,-0.1600,0.3056
3.5576,-0.9814,-0.9760,0.1158,1.9272,-0.0857,-2.4858,15.3484,-1.9189,9.4590,0.8435,0.3844,-0.1715,0.3336
3.5578,-0.9731,-0.9800,0.1029,1.3151,-0.2750,-1.8312,16.1135,1.6488,10.8573,0.7935,0.4682,-0.1595,0.3547
3.5674,-0.9679,-0.9852,0.0934,0.8216,-0.4129,-1.2776,15.6344,4.5802,11.3080,0.7364,0.5512,-0.1337,0.3687
3.5770,-0.9623,-0.9907,0.0838,0.6916,-0.5066,-1.1234,14.7509,6.0336,12.4722,0.6776,0.6197,-0.0978,0.3837
3.5980,-0.9567,-0.9979,0.0762,0.6030,-0.6227,-0.8968,19.9185,6.2743,15.3912,0.5655,0.7131,-0.0649,0.4092
3.5982,-0.9470,-1.0018,0.0678,0.8077,-0.4765,-0.8465,13.2297,4.3166,21.3130,0.4800,0.7502,0.0282,0.4540
3.6090,-0.9351,-1.0061,0.0662,1.0135,-0.4418,-0.4339,15.8934,5.8973,18.0211,0.3680,0.8000,0.0599,0.4701
3.6178,-0.9187,-1.0095,0.0731,1.4435,-0.4015,0.2256,13.1872,6.4156,16.8896,0.2893,0.8267,0.1050,0.4710
3.6377,-0.9073,-1.0107,0.0755,1.2204,-0.2246,0.2283,29.0890,86.8029,-26.6642,0.0951,0.9834,-0.1088,-0.1095
3.6379,-0.8995,-1.0115,0.0738,0.9615,-0.1407,-0.0046,27.8371,123.4293,-31.7542,0.0225,0.6188,-0.2316,-0.7503
4.4392,-4.3567,-0.2970,1.0554,-0.1769,0.0421,-0.1663,-7.7675,3.6421,5.7834,0.2104,0.0928,0.3142,0.9211
4.4488,-4.3569,-0.2971,1.0556,-0.0191,-0.0088,0.0128,0.3439,-0.1443,-0.0410,0.2110,0.0925,0.3120,0.9217
4.4594,-4.3570,-0.2971,1.0555,-0.0098,-0.0039,-0.0004,-0.0551,-0.0021,0.1091,0.2101,0.0922,0.3133,0.9215
4.4678,-4.3569,-0.2971,1.0555,-0.0021,-0.0010,-0.0006,-0.0312,-0.0326,0.0262,0.2104,0.0921,0.3133,0.9215
4.4784,-4.3569,-0.2971,1.0555,0.0024,-0.0001,0.0004,0.0185,-0.0082,-0.0453,0.2108,0.0923,0.3130,0.9214
4.4880,-4.3568,-0.2971,1.0556,0.0058,0.0019,0.0064,0.1407,-0.0184,-0.1054,0.2114,0.0926,0.3119,0.9217
4.4979,-4.3568,-0.2971,1.0556,0.0001,0.0009,0.0022,0.1335,0.0060,-0.0344,0.2112,0.0929,0.3114,0.9219
4.5073,-4.3570,-0.2971,1.0555,-0.0071,0.0010,-0.0051,-0.0259,-0.0069,0.1544,0.2100,0.0922,0.3121,0.9220
4.5183,-4.3569,-0.2971,1.0556,-0.0010,0.0004,0.0002,0.0501,0.0334,0.0175,0.2102,0.0927,0.3117,0.9220
4.5303,-4.3553,-0.2975,1.0564,0.0854,-0.0198,0.0448,1.2838,-0.0582,-1.8542,0.2253,0.1000,0.2990,0.9219
4.5384,-4.3564,-0.2972,1.0559,-0.0207,0.0037,-0.0082,-0.1964,0.0526,0.4100,0.2155,0.0957,0.3066,0.9222
4.5494,-4.3568,-0.2971,1.0556,-0.0373,0.0089,-0.0228,-0.7784,0.0411,0.8762,0.2107,0.0929,0.3124,0.9216
4.5591,-4.3570,-0.2971,1.0555,-0.0247,0.0038,-0.0121,-0.2791,-0.0332,0.4472,0.2099,0.0922,0.3123,0.9219
4.5691,-4.3570,-0.2971,1.0555,-0.0069,0.0021,-0.0040,-0.1700,0.0230,0.1628,0.2100,0.0924,0.3128,0.9217
4.5790,-4.3569,-0.2971,1.0555,0.0043,0.0001,-0.0002,-0.1393,0.0366,-0.0265,0.2107,0.0928,0.3133,0.9213
4.5889,-4.3569,-0.2971,1.0556,0.0000,0.0013,0.0013,0.0922,-0.0393,0.0086,0.2106,0.0926,0.3121,0.9218
4.5987,-4.3565,-0.2971,1.0552,0.0223,0.0019,-0.0236,-1.8703,0.3432,0.1640,0.2098,0.0915,0.3277,0.9166
4.6178,-4.3566,-0.2970,1.0553,0.0021,0.0020,0.0008,0.3619,-0.0419,-0.0677,0.2105,0.0925,0.3184,0.9197
4.6179,-4.3553,-0.2974,1.0562,0.0808,-0.0223,0.0551,2.0432,-0.1018,-1.9850,0.2241,0.1003,0.3023,0.9210
4.6275,-4.3564,-0.2972,1.0558,-0.0352,0.0026,-0.0041,0.3257,-0.1270,0.4578,0.2150,0.0955,0.3071,0.9222
4.6378,-4.3569,-0.2971,1.0556,-0.0382,0.0069,-0.0113,-0.2068,-0.0829,0.6793,0.2114,0.0934,0.3101,0.9222
4.6576,-4.3554,-0.2974,1.0564,0.0698,-0.0158,0.0381,1.1308,0.0445,-1.5235,0.2243,0.1009,0.2992,0.9219
4.6577,-4.3564,-0.2972,1.0559,-0.0310,0.0071,-0.0143,-0.4832,-0.0815,0.6409,0.2155,0.0951,0.3074,0.9220
4.6674,-4.3568,-0.2971,1.0557,-0.0343,0.0093,-0.0165,-0.4544,-0.0828,0.7121,0.2124,0.0931,0.3097,0.9221
4.6788,-4.3569,-0.2971,1.0555,-0.0214,0.0048,-0.0153,-0.5272,-0.0815,0.5706,0.2104,0.0913,0.3126,0.9218
4.6984,-4.3569,-0.2971,1.0555,-0.0105,0.0012,-0.0097,-0.2605,0.0044,0.2217,0.2105,0.0916,0.3129,0.9216
4.6985,-4.3569,-0.2971,1.0555,-0.0024,0.0014,0.0007,0.0370,-0.0043,0.0653,0.2106,0.0918,0.3118,0.9219
4.7076,-4.3554,-0.2974,1.0563,0.0923,-0.0213,0.0459,1.2614,0.1245,-1.9624,0.2245,0.1001,0.3010,0.9214
4.7175,-4.3560,-0.2973,1.0553,-0.0035,-0.0009,-0.0387,-2.4611,0.6651,0.5991,0.2148,0.0955,0.3260,0.9157
4.7380,-4.3566,-0.2970,1.0554,-0.0317,0.0159,-0.0128,0.0867,-0.0544,0.6794,0.2113,0.0936,0.3175,0.9197
4.7381,-4.3568,-0.2970,1.0555,-0.0303,0.0064,0.0020,0.5289,-0.3764,0.4712,0.2105,0.0913,0.3132,0.9216
4.7520,-4.3569,-0.2971,1.0556,-0.0117,-0.0002,0.0025,0.3247,-0.1081,0.0289,0.2114,0.0920,0.3117,0.9218
4.7575,-4.3569,-0.2971,1.0556,-0.0073,0.0000,0.0037,0.2999,-0.1087,0.0651,0.2110,0.0917,0.3109,0.9222
4.7781,-4.3570,-0.2971,1.0555,-0.0066,-0.0033,-0.0040,-0.0451,0.0476,0.0393,0.2107,0.0921,0.3121,0.9218
4.7782,-4.3570,-0.2972,1.0555,-0.0035,-0.0033,-0.0038,-0.2078,0.0382,0.0444,0.2107,0.0918,0.3136,0.9213
4.7882,-4.3570,-0.2971,1.0554,-0.0031,0.0010,-0.0028,-0.0450,0.0913,0.0626,0.2101,0.0923,0.3135,0.9215
4.7974,-4.3570,-0.2971,1.0555,-0.0002,0.0005,-0.0002,0.0197,0.1324,0.0003,0.2100,0.0932,0.3133,0.9214
4.8182,-4.3570,-0.2971,1.0554,0.0002,-0.0008,-0.0008,-0.0552,-0.0327,-0.0075,0.2104,0.0924,0.3136,0.9213
4.8184,-4.3569,-0.2971,1.0555,0.0045,0.0006,0.0030,0.0613,-0.0686,-0.0774,0.2110,0.0923,0.3128,0.9215
4.8277,-4.3569,-0.2971,1.0555,0.0030,0.0009,0.0024,0.0295,0.0042,-0.0390,0.2110,0.0926,0.3128,0.9214
4.8379,-4.3570,-0.2971,1.0555,-0.0038,-0.0001,-0.0003,0.1223,-0.0412,0.0201,0.2107,0.0924,0.3119,0.9218
4.8574,-4.3569,-0.2971,1.0555,0.0025,0.0001,0.0017,-0.0480,0.1178,-0.0387,0.2108,0.0934,0.3129,0.9214
4.8575,-4.3570,-0.2971,1.0554,-0.0047,-0.0007,-0.0045,-0.1803,-0.0397,0.1519,0.2099,0.0920,0.3141,0.9213
4.8673,-4.3570,-0.2971,1.0555,0.0001,0.0006,0.0038,0.1450,-0.0984,-0.0125,0.2105,0.0919,0.3122,0.9218
4.8785,-4.3570,-0.2971,1.0555,-0.0024,-0.0002,-0.0030,0.0623,-0.0201,-0.0079,0.2105,0.0921,0.3122,0.9218
4.8980,-4.3555,-0.2975,1.0563,0.0894,-0.0197,0.0466,1.4896,-0.0050,-1.9396,0.2244,0.0998,0.2992,0.9220
4.8982,-4.3550,-0.2970,1.0560,0.0656,0.0175,0.0030,0.1361,-0.6019,-0.3636,0.2230,0.0932,0.3020,0.9222
4.9071,-4.3549,-0.2974,1.0564,0.0351,-0.0129,0.0237,0.5505,0.1861,-0.7799,0.2263,0.0991,0.2986,0.9219
4.9177,-4.3549,-0.2976,1.0565,0.0094,-0.0164,0.0157,0.3607,0.3875,-0.6237,0.2279,0.1026,0.2978,0.9213
4.9381,-4.3546,-0.2976,1.0561,0.0230,-0.0101,-0.0150,-1.5428,0.8634,-0.2461,0.2275,0.1047,0.3123,0.9164
4.9382,-4.3561,-0.2974,1.0551,-0.0772,0.0100,-0.0632,-2.8677,0.5653,1.8579,0.2137,0.0966,0.3321,0.9136
4.9479,-4.3553,-0.2975,1.0560,0.0116,-0.0040,0.0262,1.5469,-0.3364,-0.5485,0.2232,0.1008,0.3086,0.9191
4.9570,-4.3551,-0.2976,1.0565,0.0224,-0.0059,0.0371,1.9155,-0.3351,-0.8699,0.2275,0.1032,0.2984,0.9212
4.9779,-4.3546,-0.2975,1.0562,0.0384,0.0006,0.0005,-0.7437,0.4544,-0.3199,0.2272,0.1048,0.3111,0.9169
4.9780,-4.3546,-0.2976,1.0560,0.0157,-0.0021,-0.0155,-1.1975,0.4299,0.0315,0.2260,0.1045,0.3187,0.9146
4.9903,-4.3561,-0.2973,1.0551,-0.0798,0.0134,-0.0562,-2.2202,0.2875,1.8846,0.2122,0.0965,0.3350,0.9129
4.9970,-4.3551,-0.2975,1.0557,0.0216,-0.0021,0.0096,0.2243,0.0531,-0.3959,0.2210,0.1016,0.3243,0.9142
5.0181,-4.3564,-0.2972,1.0556,-0.0688,0.0125,0.0016,1.2054,-0.6029,0.9581,0.2132,0.0960,0.3156,0.9196
5.0183,-4.3570,-0.2971,1.0556,-0.0624,0.0126,-0.0031,1.0254,-0.5267,0.8050,0.2101,0.0935,0.3109,0.9222
5.0281,-4.3571,-0.2971,1.0554,-0.0329,0.0057,-0.0077,0.3101,-0.1787,0.4192,0.2095,0.0934,0.3120,0.9220
5.0374,-4.3566,-0.2971,1.0551,0.0152,0.0033,-0.0262,-1.9157,0.2599,0.2364,0.2097,0.0923,0.3284,0.9163
5.0574,-4.3550,-0.2975,1.0558,0.1041,-0.0209,0.0303,0.0447,0.4466,-1.8599,0.2232,0.1020,0.3211,0.9147
5.0576,-4.3562,-0.2973,1.0557,-0.0298,0.0030,0.0073,0.8502,-0.3852,0.3606,0.2151,0.0962,0.3146,0.9195
5.0674,-4.3563,-0.2971,1.0551,-0.0208,0.0122,-0.0278,-1.3391,0.1331,0.8254,0.2105,0.0936,0.3286,0.9159
5.0794,-4.3566,-0.2972,1.0548,-0.0241,-0.0028,-0.0309,-1.3301,0.3710,0.5481,0.2081,0.0939,0.3365,0.9136
5.0975,-4.3566,-0.2973,1.0547,-0.0112,-0.0035,-0.0164,-0.7961,0.2290,0.2123,0.2084,0.0942,0.3378,0.9130
5.0976,-4.3566,-0.2973,1.0549,0.0007,-0.0032,0.0015,-0.1968,0.0478,-0.0680,0.2096,0.0945,0.3367,0.9131
5.1070,-4.3566,-0.2973,1.0549,-0.0021,-0.0032,0.0028,-0.0494,-0.0633,-0.0151,0.2097,0.0939,0.3363,0.9133
5.1179,-4.3566,-0.2973,1.0548,-0.0033,-0.0014,-0.0033,-0.0815,0.0599,0.0491,0.2091,0.0943,0.3370,0.9131
5.1373,-4.3567,-0.2973,1.0548,-0.0018,-0.0002,-0.0028,-0.0455,0.0698,0.0183,0.2090,0.0946,0.3372,0.9131
5.1375,-4.3567,-0.2973,1.0548,-0.0047,-0.0000,0.0006,0.1082,-0.0196,0.0246,0.2089,0.0944,0.3361,0.9135
5.1472,-4.3567,-0.2973,1.0548,0.0003,-0.0002,-0.0004,-0.0652,-0.0064,-0.0137,0.2091,0.0943,0.3369,0.9131
5.1574,-4.3567,-0.2973,1.0548,0.0011,0.0001,-0.0013,-0.0371,0.1086,-0.0393,0.2091,0.0953,0.3372,0.9130
5.1780,-4.3569,-0.2971,1.0552,-0.0111,0.0128,0.0233,2.1192,-0.4983,-0.1637,0.2100,0.0952,0.3194,0.9191
5.1781,-4.3567,-0.2967,1.0550,0.0035,0.0293,-0.0013,0.5712,-0.9176,0.5584,0.2072,0.0874,0.3208,0.9201
5.1878,-4.3566,-0.2970,1.0549,0.0063,-0.0099,-0.0087,-1.0552,0.4345,-0.0306,0.2079,0.0922,0.3322,0.9154
5.1978,-4.3566,-0.2972,1.0548,0.0053,-0.0161,-0.0064,-1.0833,0.5240,-0.2155,0.2090,0.0943,0.3376,0.9130
5.2178,-4.3567,-0.2973,1.0547,-0.0060,-0.0123,-0.0082,-0.7011,0.2548,-0.0160,0.2085,0.0940,0.3398,0.9123
5.2179,-4.3567,-0.2973,1.0548,-0.0001,-0.0032,-0.0012,-0.2360,0.1181,-0.0378,0.2087,0.0942,0.3393,0.9124
5.2277,-4.3567,-0.2973,1.0548,0.0009,0.0020,-0.0004,-0.0208,0.0387,0.0178,0.2084,0.0942,0.3387,0.9127
5.2378,-4.3568,-0.2970,1.0552,-0.0088,0.0139,0.0248,2.1990,-0.4136,-0.1852,0.2093,0.0953,0.3205,0.9189
5.2573,-4.3566,-0.2970,1.0550,0.0120,0.0062,-0.0009,-0.1493,-0.0333,-0.0270,0.2094,0.0944,0.3291,0.9159
5.2574,-4.3565,-0.2972,1.0549,0.0065,-0.0072,-0.0089,-0.8672,0.1428,0.0418,0.2092,0.0940,0.3356,0.9137
5.2673,-4.3566,-0.2973,1.0548,0.0014,-0.0079,-0.0072,-0.7019,0.2019,0.0321,0.2089,0.0945,0.3386,0.9126
5.2785,-4.3565,-0.2973,1.0548,0.0022,-0.0043,-0.0021,-0.2856,0.0998,-0.0345,0.2092,0.0947,0.3386,0.9124
5.2980,-4.3566,-0.2973,1.0548,-0.0003,-0.0011,-0.0029,0.0589,0.0142,-0.0450,0.2094,0.0950,0.3372,0.9129
5.2981,-4.3565,-0.2973,1.0548,0.0005,-0.0014,0.0004,0.0557,-0.0375,-0.0449,0.2097,0.0947,0.3369,0.9130
5.3075,-4.3565,-0.2973,1.0549,0.0044,0.0026,0.0074,0.1190,-0.0938,-0.0243,0.2099,0.0943,0.3360,0.9133
5.3176,-4.3566,-0.2973,1.0549,-0.0072,-0.0019,0.0005,0.0832,-0.0413,0.0292,0.2096,0.0943,0.3358,0.9135
5.3389,-4.3566,-0.2973,1.0549,-0.0027,-0.0017,-0.0026,-0.1869,0.0605,0.0615,0.2092,0.0943,0.3377,0.9129
5.3390,-4.3565,-0.2973,1.0549,0.0038,-0.0002,0.0000,-0.0852,0.0454,-0.0428,0.2096,0.0947,0.3378,0.9127
5.3478,-4.3566,-0.2973,1.0548,-0.0002,-0.0012,-0.0021,0.0666,0.0030,-0.0822,0.2101,0.0949,0.3369,0.9129
5.3579,-4.3566,-0.2973,1.0548,-0.0038,-0.0006,-0.0032,0.0008,0.0002,0.0411,0.2095,0.0947,0.3371,0.9129
5.3781,-4.3552,-0.2976,1.0556,0.0846,-0.0160,0.0465,1.5686,-0.0126,-1.8385,0.2226,0.1026,0.3235,0.9139
5.3782,-4.3561,-0.2974,1.0551,-0.0200,0.0055,-0.0077,-0.2654,0.0280,0.5080,0.2135,0.0977,0.3316,0.9137
5.3880,-4.3566,-0.2973,1.0549,-0.0346,0.0056,-0.0197,-0.6709,0.0025,0.7412,0.2098,0.0951,0.3364,0.9131
5.3972,-4.3567,-0.2973,1.0548,-0.0211,0.0055,-0.0131,-0.5352,0.0008,0.5318,0.2084,0.0941,0.3385,0.9128
5.4187,-4.3566,-0.2973,1.0548,-0.0069,0.0014,-0.0038,-0.2342,-0.0409,0.1761,0.2088,0.0938,0.3386,0.9127
5.4188,-4.3566,-0.2973,1.0549,-0.0010,-0.0003,0.0007,-0.1217,-0.0430,0.0396,0.2092,0.0937,0.3387,0.9126
5.4273,-4.3567,-0.2973,1.0549,-0.0053,-0.0014,0.0012,0.1924,-0.1121,-0.0308,0.2096,0.0935,0.3366,0.9133
5.4368,-4.3566,-0.2973,1.0548,-0.0002,-0.0002,-0.0015,-0.0148,0.0078,0.0201,0.2093,0.0937,0.3375,0.9130
5.4570,-4.3566,-0.2973,1.0548,0.0011,0.0002,-0.0012,-0.0586,0.0523,0.0100,0.2091,0.0939,0.3380,0.9128
5.4571,-4.3567,-0.2973,1.0548,-0.0030,0.0000,-0.0012,-0.0446,-0.0169,0.0555,0.2089,0.0935,0.3381,0.9129
5.4669,-4.3567,-0.2973,1.0548,-0.0024,-0.0012,-0.0012,-0.0507,-0.0359,0.0137,0.2091,0.0932,0.3383,0.9128
5.4771,-4.3568,-0.2973,1.0548,-0.0045,0.0012,-0.0002,0.1669,-0.0581,0.0122,0.2090,0.0932,0.3368,0.9134
5.4991,-4.3566,-0.2973,1.0548,0.0050,0.0021,0.0010,0.0655,0.0907,-0.0494,0.2091,0.0943,0.3369,0.9132
5.4993,-4.3568,-0.2971,1.0552,-0.0062,0.0127,0.0241,2.0410,-0.3360,-0.1859,0.2098,0.0955,0.3199,0.9190
5.5078,-4.3566,-0.2971,1.0550,0.0108,0.0064,-0.0024,-0.3006,-0.0323,0.0086,0.2097,0.0940,0.3293,0.9158
5.5174,-4.3566,-0.2972,1.0549,0.0037,-0.0069,-0.0103,-0.9262,0.2675,0.0554,0.2092,0.0946,0.3359,0.9135
5.5373,-4.3566,-0.2973,1.0548,0.0005,-0.0064,-0.0085,-0.5973,0.2189,0.0246,0.2091,0.0950,0.3376,0.9128
5.5374,-4.3567,-0.2973,1.0547,-0.0081,-0.0041,-0.0073,-0.4064,0.1068,0.1811,0.2078,0.0944,0.3391,0.9127
5.5477,-4.3567,-0.2973,1.0548,-0.0014,-0.0005,-0.0012,-0.1376,0.0176,0.0707,0.2079,0.0942,0.3388,0.9127
5.5572,-4.3568,-0.2973,1.0547,-0.0061,-0.0028,-0.0020,-0.0422,-0.0505,0.0464,0.2079,0.0938,0.3386,0.9129
5.5781,-4.3567,-0.2973,1.0548,0.0021,0.0010,0.0050,0.2359,-0.1181,-0.0697,0.2087,0.0937,0.3364,0.9135
5.5782,-4.3567,-0.2973,1.0548,0.0022,0.0009,0.0002,-0.0373,0.0710,-0.0062,0.2083,0.0943,0.3377,0.9131
5.5889,-4.3568,-0.2973,1.0548,-0.0038,-0.0026,-0.0031,-0.1151,0.0813,-0.0709,0.2087,0.0947,0.3385,0.9126
5.6009,-4.3567,-0.2973,1.0549,0.0020,0.0010,0.0043,0.1150,0.0428,-0.0220,0.2085,0.0951,0.3372,0.9131
5.6230,-4.3567,-0.2973,1.0549,0.0029,0.0001,0.0032,0.0892,-0.0434,-0.0055,0.2086,0.0947,0.3368,0.9133
5.6231,-4.3567,-0.2973,1.0548,0.0007,-0.0011,-0.0013,-0.0528,0.0047,-0.0417,0.2090,0.0948,0.3375,0.9129
5.6289,-4.3570,-0.2971,1.0552,-0.0167,0.0117,0.0188,2.0087,-0.5016,-0.0604,0.2091,0.0947,0.3211,0.9188
5.6389,-4.3571,-0.2971,1.0554,-0.0169,0.0037,0.0225,1.6207,-0.5783,-0.0574,0.2097,0.0933,0.3142,0.9212
5.6578,-4.3571,-0.2971,1.0555,-0.0043,0.0023,0.0163,0.9849,-0.2288,-0.0808,0.2098,0.0940,0.3119,0.9219
5.6580,-4.3567,-0.2971,1.0551,0.0234,0.0029,-0.0160,-1.5187,0.2845,0.0869,0.2094,0.0933,0.3272,0.9167
5.6684,-4.3569,-0.2970,1.0552,-0.0032,0.0053,-0.0004,0.4695,0.1552,-0.1057,0.2095,0.0959,0.3190,0.9193
5.6792,-4.3570,-0.2971,1.0554,-0.0085,-0.0019,0.0112,0.6971,-0.2366,-0.0362,0.2098,0.0944,0.3143,0.9210
5.7051,-4.3566,-0.2971,1.0551,0.0209,-0.0005,-0.0148,-1.3717,0.1980,0.0738,0.2096,0.0936,0.3277,0.9164
5.7052,-4.3566,-0.2972,1.0549,0.0068,-0.0092,-0.0186,-1.5050,0.3929,0.1132,0.2089,0.0940,0.3358,0.9136
5.7144,-4.3568,-0.2971,1.0553,-0.0088,0.0045,0.0128,1.2634,-0.2473,-0.0729,0.2094,0.0946,0.3193,0.9194
5.7188,-4.3569,-0.2971,1.0555,-0.0107,0.0020,0.0206,1.2833,-0.3971,-0.0931,0.2100,0.0938,0.3146,0.9209
5.7376,-4.3570,-0.2971,1.0555,-0.0110,-0.0001,0.0111,0.7704,-0.2599,-0.0200,0.2100,0.0934,0.3125,0.9217
5.7377,-4.3566,-0.2971,1.0551,0.0213,0.0017,-0.0189,-1.5837,0.2473,0.1126,0.2096,0.0925,0.3274,0.9167
5.7492,-4.3567,-0.2970,1.0553,0.0033,0.0040,0.0034,0.5104,-0.1750,-0.0669,0.2103,0.0927,0.3181,0.9198
5.7598,-4.3566,-0.2971,1.0550,0.0102,-0.0010,-0.0179,-1.2552,0.3212,0.0737,0.2096,0.0929,0.3304,0.9156
5.7782,-4.3565,-0.2972,1.0549,0.0049,-0.0087,-0.0128,-1.0962,0.4285,-0.0221,0.2096,0.0943,0.3354,0.9136
5.7783,-4.3568,-0.2971,1.0553,-0.0107,0.0025,0.0169,1.4239,-0.3130,-0.0660,0.2099,0.0940,0.3200,0.9191
5.7879,-4.3570,-0.2971,1.0555,-0.0185,0.0011,0.0193,1.4015,-0.4094,-0.0178,0.2099,0.0933,0.3131,0.9215
5.7977,-4.3570,-0.2971,1.0556,-0.0050,0.0000,0.0135,0.7929,-0.1925,-0.1258,0.2107,0.0938,0.3111,0.9220
5.8175,-4.3570,-0.2971,1.0555,-0.0047,-0.0012,0.0009,0.1290,-0.0997,0.0044,0.2105,0.0931,0.3127,0.9215
5.8176,-4.3566,-0.2971,1.0551,0.0211,0.0004,-0.0249,-1.8681,0.4045,0.1270,0.2098,0.0928,0.3284,0.9162
5.8288,-4.3566,-0.2973,1.0549,0.0094,-0.0072,-0.0206,-1.5667,0.5039,0.0852,0.2092,0.0939,0.3361,0.9135
5.8372,-4.3569,-0.2971,1.0551,-0.0128,0.0038,0.0056,1.0049,-0.1547,-0.0387,0.2095,0.0942,0.3222,0.9184
5.8579,-4.3569,-0.2971,1.0555,-0.0078,0.0023,0.0222,1.4761,-0.3140,-0.1919,0.2106,0.0946,0.3132,0.9212
5.8581,-4.3567,-0.2971,1.0551,0.0098,0.0008,-0.0142,-1.0433,0.1286,0.0728,0.2101,0.0933,0.3267,0.9167
5.8680,-4.3567,-0.2971,1.0553,0.0023,0.0036,0.0087,0.6675,-0.2120,-0.0480,0.2105,0.0934,0.3176,0.9198
5.8782,-4.3569,-0.2971,1.0554,-0.0101,-0.0027,0.0108,0.7032,-0.2745,-0.0448,0.2109,0.0927,0.3139,0.9211
5.8976,-4.3570,-0.2972,1.0554,-0.0103,-0.0028,0.0049,0.3856,-0.1624,0.0119,0.2107,0.0925,0.3131,0.9214
5.8977,-4.3570,-0.2972,1.0555,-0.0057,-0.0026,0.0042,0.2221,-0.0971,-0.0435,0.2111,0.0925,0.3126,0.9215
5.9072,-4.3570,-0.2972,1.0555,-0.0005,-0.0001,0.0008,-0.0507,-0.0193,0.0512,0.2106,0.0922,0.3138,0.9212
5.9174,-4.3569,-0.2971,1.0556,0.0093,0.0025,0.0062,0.1772,-0.0407,-0.1026,0.2115,0.0926,0.3121,0.9216
5.9371,-4.3565,-0.2971,1.0552,0.0258,0.0021,-0.0216,-1.9401,0.3724,0.1116,0.2109,0.0916,0.3285,0.9161
5.9372,-4.3567,-0.2970,1.0553,-0.0030,0.0077,-0.0022,0.5054,0.3200,-0.1078,0.2105,0.0956,0.3186,0.9193
5.9473,-4.3568,-0.2971,1.0555,-0.0091,-0.0003,0.0136,0.8678,-0.2410,0.0138,0.2105,0.0938,0.3127,0.9215
5.9570,-4.3565,-0.2971,1.0551,0.0189,-0.0015,-0.0186,-1.4237,0.1515,0.0932,0.2105,0.0923,0.3271,0.9166
5.9769,-4.3567,-0.2970,1.0552,-0.0091,0.0049,-0.0017,0.4466,0.0950,0.0140,0.2098,0.0945,0.3193,0.9193
5.9770,-4.3569,-0.2971,1.0555,-0.0160,-0.0025,0.0149,0.8675,-0.2795,0.0518,0.2098,0.0931,0.3136,0.9214
5.9881,-4.3569,-0.2971,1.0556,-0.0029,-0.0016,0.0142,0.5941,-0.2746,-0.0788,0.2108,0.0924,0.3110,0.9221
5.9974,-4.3566,-0.2971,1.0551,0.0164,-0.0007,-0.0241,-1.7744,0.1855,0.1553,0.2101,0.0907,0.3275,0.9167
6.0180,-4.3567,-0.2970,1.0552,0.0022,0.0026,-0.0016,0.4263,0.1453,-0.1195,0.2104,0.0938,0.3187,0.9195
6.0181,-4.3568,-0.2971,1.0555,-0.0060,-0.0042,0.0124,0.6523,-0.1263,-0.1352,0.2112,0.0934,0.3145,0.9208
6.0271,-4.3570,-0.2972,1.0555,-0.0155,-0.0041,0.0059,0.4733,-0.2653,0.0812,0.2105,0.0918,0.3128,0.9216
6.0372,-4.3570,-0.2972,1.0556,-0.0034,-0.0015,0.0080,0.4688,-0.1584,-0.0715,0.2112,0.0921,0.3105,0.9222
6.0577,-4.3570,-0.2971,1.0555,-0.0028,0.0002,-0.0005,0.0524,-0.0249,0.0389,0.2107,0.0920,0.3118,0.9219
6.0579,-4.3569,-0.2971,1.0555,0.0055,0.0002,0.0003,-0.1283,0.1501,-0.0898,0.2112,0.0933,0.3132,0.9212
6.0673,-4.3569,-0.2971,1.0555,-0.0004,0.0002,0.0014,0.0251,-0.0113,-0.0156,0.2112,0.0928,0.3124,0.9215
6.0787,-4.3569,-0.2971,1.0555,-0.0004,0.0002,0.0002,-0.0979,0.0076,0.0694,0.2106,0.0925,0.3134,0.9213
6.0969,-4.3566,-0.2972,1.0551,0.0191,-0.0016,-0.0271,-1.9001,0.3208,0.1324,0.2104,0.0914,0.3284,0.9163
6.0970,-4.3568,-0.2971,1.0552,-0.0036,0.0058,-0.0047,0.2965,0.0398,0.0020,0.2102,0.0927,0.3198,0.9192
6.1069,-4.3569,-0.2971,1.0554,-0.0112,-0.0009,0.0117,0.7278,-0.1656,0.0218,0.2101,0.0924,0.3148,0.9210
6.1173,-4.3569,-0.2971,1.0556,0.0007,-0.0007,0.0172,0.7170,-0.2148,-0.1673,0.2115,0.0924,0.3111,0.9219
6.1381,-4.3566,-0.2971,1.0551,0.0174,-0.0021,-0.0221,-1.6393,0.2280,0.0572,0.2112,0.0911,0.3268,0.9167
6.1382,-4.3568,-0.2971,1.0552,-0.0067,0.0041,-0.0034,0.2690,0.0530,0.1128,0.2098,0.0922,0.3196,0.9194
6.1484,-4.3569,-0.2971,1.0554,-0.0076,-0.0007,0.0119,0.7574,-0.1893,-0.0499,0.2106,0.0919,0.3140,0.9212
6.1585,-4.3570,-0.2971,1.0555,-0.0088,-0.0028,0.0110,0.7090,-0.1092,-0.0881,0.2109,0.0926,0.3109,0.9221
6.1781,-4.3570,-0.2971,1.0555,-0.0032,-0.0011,0.0035,0.1697,-0.0597,-0.0160,0.2109,0.0922,0.3118,0.9218
6.1783,-4.3570,-0.2972,1.0555,-0.0003,-0.0013,-0.0005,-0.1365,-0.0779,0.0295,0.2109,0.0913,0.3133,0.9214
6.1877,-4.3565,-0.2971,1.0550,0.0274,0.0031,-0.0268,-2.0327,0.4366,0.1229,0.2103,0.0911,0.3296,0.9159
6.1973,-4.3566,-0.2973,1.0548,0.0062,-0.0105,-0.0263,-1.8468,0.6816,0.1072,0.2092,0.0930,0.3381,0.9128
6.2180,-4.3566,-0.2973,1.0547,-0.0011,-0.0070,-0.0132,-0.9118,0.3550,0.0833,0.2088,0.0933,0.3400,0.9122
6.2181,-4.3566,-0.2973,1.0548,0.0023,-0.0031,-0.0031,-0.2326,0.1985,-0.0602,0.2093,0.0942,0.3387,0.9125
6.2275,-4.3567,-0.2971,1.0553,-0.0032,0.0137,0.0273,2.1706,-0.4443,-0.2586,0.2107,0.0948,0.3201,0.9188
6.2381,-4.3566,-0.2971,1.0551,0.0043,0.0025,-0.0012,-0.2107,0.0114,0.0225,0.2101,0.0940,0.3290,0.9158
6.2576,-4.3566,-0.2972,1.0549,0.0004,-0.0031,-0.0083,-0.6735,0.1821,0.0947,0.2094,0.0941,0.3341,0.9142
6.2577,-4.3566,-0.2972,1.0549,0.0023,-0.0034,-0.0066,-0.7526,0.2098,0.1083,0.2088,0.0941,0.3379,0.9129
6.2691,-4.3568,-0.2971,1.0552,-0.0133,0.0086,0.0173,1.8194,-0.4439,-0.1311,0.2100,0.0942,0.3201,0.9190
6.2788,-4.3566,-0.2971,1.0550,0.0055,0.0004,-0.0033,-0.3976,-0.0758,0.0312,0.2099,0.0928,0.3295,0.9159
6.2975,-4.3569,-0.2970,1.0553,-0.0132,0.0068,0.0132,1.3225,-0.2639,-0.0234,0.2097,0.0937,0.3175,0.9200
6.2976,-4.3570,-0.2971,1.0555,-0.0140,-0.0006,0.0167,1.2695,-0.3966,-0.1191,0.2107,0.0930,0.3117,0.9218
6.3075,-4.3570,-0.2971,1.0555,-0.0062,-0.0030,0.0074,0.4501,-0.1416,-0.0609,0.2108,0.0931,0.3122,0.9217
6.3179,-4.3566,-0.2971,1.0550,0.0192,-0.0017,-0.0233,-1.8440,0.3552,0.1187,0.2101,0.0923,0.3288,0.9161
6.3387,-4.3568,-0.2971,1.0552,-0.0024,0.0043,-0.0006,0.2162,0.2195,0.0404,0.2092,0.0946,0.3213,0.9187
6.3388,-4.3569,-0.2971,1.0555,-0.0054,-0.0011,0.0174,1.0067,-0.1906,-0.1389,0.2104,0.0945,0.3131,0.9213
6.3478,-4.3566,-0.2971,1.0551,0.0142,0.0003,-0.0139,-1.2277,0.1293,0.0707,0.2102,0.0928,0.3266,0.9168
6.3569,-4.3567,-0.2973,1.0548,0.0027,-0.0120,-0.0248,-1.8155,0.4858,0.1612,0.2090,0.0935,0.3370,0.9133
6.3777,-4.3567,-0.2974,1.0547,-0.0007,-0.0090,-0.0142,-1.0877,0.4101,0.1084,0.2083,0.0944,0.3406,0.9120
6.3778,-4.3567,-0.2973,1.0548,-0.0013,-0.0028,-0.0027,-0.2615,0.1836,0.0055,0.2084,0.0950,0.3390,0.9125
6.3870,-4.3567,-0.2973,1.0548,0.0008,0.0013,0.0016,0.0186,-0.0021,0.0206,0.2084,0.0945,0.3379,0.9129
6.3976,-4.3568,-0.2973,1.0548,-0.0081,-0.0005,-0.0032,0.0577,-0.1244,0.1084,0.2079,0.0933,0.3374,0.9134
6.4176,-4.3569,-0.2973,1.0547,-0.0050,-0.0019,-0.0063,-0.0638,0.1300,0.0110,0.2077,0.0947,0.3384,0.9129
6.4178,-4.3569,-0.2973,1.0547,-0.0044,0.0003,-0.0008,0.0166,-0.0141,0.0227,0.2077,0.0942,0.3379,0.9131
6.4284,-4.3568,-0.2973,1.0548,0.0072,0.0002,0.0062,0.1278,0.0163,-0.1500,0.2088,0.0951,0.3369,0.9132
6.4389,-4.3567,-0.2973,1.0548,0.0065,0.0009,0.0015,-0.1423,0.0289,-0.0458,0.2088,0.0948,0.3385,0.9126
6.4572,-4.3567,-0.2973,1.0548,0.0013,0.0002,-0.0023,-0.1243,0.0109,0.0460,0.2084,0.0945,0.3389,0.9126
6.4574,-4.3568,-0.2973,1.0548,-0.0070,-0.0004,-0.0013,0.0457,-0.0244,0.0924,0.2078,0.0943,0.3382,0.9130
6.4673,-4.3567,-0.2973,1.0549,0.0081,0.0030,0.0081,0.1775,-0.0388,-0.1091,0.2089,0.0948,0.3368,0.9132
6.4783,-4.3567,-0.2973,1.0549,0.0019,-0.0002,0.0019,0.0847,0.0013,-0.0459,0.2089,0.0949,0.3367,0.9132
6.4978,-4.3567,-0.2973,1.0548,0.0001,-0.0015,-0.0027,-0.2060,-0.0370,0.0389,0.2087,0.0940,0.3386,0.9127
6.4979,-4.3568,-0.2974,1.0547,-0.0068,-0.0041,-0.0064,-0.1104,0.0192,0.0263,0.2086,0.0942,0.3388,0.9126
6.5077,-4.3567,-0.2973,1.0548,0.0020,0.0014,0.0026,0.1455,-0.0179,-0.0368,0.2088,0.0945,0.3373,0.9131
6.5177,-4.3567,-0.2973,1.0549,0.0017,0.0003,0.0028,0.1480,-0.0009,-0.0371,0.2089,0.0948,0.3366,0.9133
6.5379,-4.3566,-0.2973,1.0549,0.0069,0.0016,0.0047,0.1300,0.0011,-0.1115,0.2096,0.0952,0.3360,0.9133
6.5380,-4.3566,-0.2973,1.0548,0.0020,0.0003,-0.0021,-0.1409,0.0026,-0.0117,0.2095,0.0948,0.3375,0.9128
6.5473,-4.3567,-0.2973,1.0548,-0.0064,0.0005,-0.0021,-0.0832,-0.0704,0.1390,0.2086,0.0938,0.3377,0.9130
6.5577,-4.3567,-0.2973,1.0548,-0.0021,-0.0001,0.0003,0.0247,0.0773,0.0281,0.2085,0.0948,0.3374,0.9131
6.5772,-4.3568,-0.2973,1.0548,-0.0024,0.0003,-0.0011,0.0093,-0.0341,0.0873,0.2081,0.0940,0.3374,0.9133
6.5774,-4.3567,-0.2973,1.0548,0.0009,-0.0015,-0.0025,-0.1310,0.0455,-0.0165,0.2084,0.0944,0.3384,0.9127
6.5882,-4.3566,-0.2973,1.0548,0.0055,-0.0005,0.0017,-0.1417,0.0734,-0.0791,0.2089,0.0949,0.3392,0.9123
6.5982,-4.3566,-0.2973,1.0549,0.0055,0.0017,0.0050,0.1350,0.0560,-0.0723,0.2090,0.0956,0.3377,0.9128
6.6181,-4.3566,-0.2972,1.0549,0.0038,0.0040,0.0030,0.1192,-0.0942,0.0208,0.2089,0.0946,0.3371,0.9131
6.6182,-4.3566,-0.2973,1.0549,0.0001,0.0000,-0.0027,-0.0840,-0.0518,0.0008,0.2091,0.0943,0.3380,0.9128
6.6273,-4.3567,-0.2973,1.0549,-0.0047,-0.0005,-0.0014,0.0506,-0.0206,0.0301,0.2088,0.0944,0.3374,0.9131
6.6379,-4.3567,-0.2973,1.0548,-0.0066,-0.0034,-0.0048,-0.1031,0.0799,-0.0030,0.2087,0.0949,0.3385,0.9126
6.6583,-4.3567,-0.2973,1.0548,0.0029,-0.0010,0.0004,-0.0718,0.1048,-0.0725,0.2091,0.0956,0.3388,0.9123
6.6584,-4.3566,-0.2973,1.0549,0.0042,0.0015,0.0046,0.1694,-0.0259,-0.0616,0.2094,0.0955,0.3371,0.9129
6.6673,-4.3566,-0.2973,1.0549,0.0039,0.0007,0.0047,0.1957,-0.1634,-0.0943,0.2102,0.0948,0.3359,0.9132
6.6788,-4.3568,-0.2971,1.0553,-0.0133,0.0117,0.0226,2.1492,-0.5991,-0.0667,0.2103,0.0944,0.3183,0.9195
6.6973,-4.3566,-0.2971,1.0551,0.0098,0.0063,-0.0012,-0.2143,-0.1189,0.0636,0.2101,0.0932,0.3276,0.9164
6.6974,-4.3566,-0.2972,1.0549,0.0036,-0.0059,-0.0111,-0.8697,0.3050,0.0257,0.2097,0.0945,0.3342,0.9140
6.7071,-4.3566,-0.2973,1.0548,-0.0013,-0.0060,-0.0122,-0.9419,0.3526,0.1611,0.2084,0.0948,0.3392,0.9124
6.7196,-4.3567,-0.2973,1.0548,-0.0044,-0.0043,-0.0042,-0.2271,0.1552,0.0560,0.2082,0.0953,0.3384,0.9127
6.7376,-4.3568,-0.2971,1.0553,-0.0099,0.0102,0.0240,2.0774,-0.4293,-0.2041,0.2096,0.0959,0.3201,0.9189
6.7378,-4.3566,-0.2972,1.0551,0.0089,0.0012,0.0034,-0.2103,-0.0884,-0.0352,0.2098,0.0946,0.3288,0.9159
6.7482,-4.3566,-0.2972,1.0549,0.0037,-0.0047,-0.0105,-0.8351,0.2403,0.0311,0.2093,0.0952,0.3351,0.9137
6.7581,-4.3566,-0.2973,1.0549,0.0025,-0.0056,-0.0074,-0.6863,0.2140,0.0135,0.2092,0.0955,0.3378,0.9127
6.7772,-4.3566,-0.2974,1.0549,-0.0015,-0.0049,-0.0043,-0.3193,0.1424,0.0047,0.2091,0.0959,0.3382,0.9125
6.7773,-4.3567,-0.2974,1.0548,-0.0050,-0.0023,-0.0036,-0.1513,0.0370,0.0783,0.2086,0.0954,0.3384,0.9126
6.7872,-4.3566,-0.2973,1.0549,0.0018,0.0006,0.0008,-0.0005,-0.0401,0.0061,0.2089,0.0952,0.3378,0.9128
6.7970,-4.3566,-0.2973,1.0549,0.0026,0.0026,0.0019,0.1036,-0.0703,-0.0297,0.2092,0.0950,0.3369,0.9131
6.8175,-4.3567,-0.2973,1.0549,-0.0038,-0.0016,-0.0025,0.0326,0.0672,0.0125,0.2088,0.0957,0.3371,0.9130
6.8176,-4.3566,-0.2973,1.0549,0.0018,0.0019,0.0006,0.0936,-0.0243,-0.0321,0.2091,0.0956,0.3364,0.9132
6.8276,-4.3567,-0.2973,1.0549,-0.0005,-0.0012,-0.0009,-0.0051,0.0154,0.0133,0.2089,0.0956,0.3368,0.9131
6.8373,-4.3567,-0.2973,1.0549,-0.0001,-0.0004,-0.0001,-0.0753,-0.0149,0.0443,0.2087,0.0952,0.3373,0.9130
6.8568,-4.3567,-0.2973,1.0549,-0.0001,-0.0006,0.0006,0.0772,0.0523,-0.0519,0.2090,0.0960,0.3366,0.9131
6.8569,-4.3566,-0.2973,1.0549,0.0049,0.0017,0.0032,0.0700,-0.0138,-0.0758,0.2095,0.0960,0.3362,0.9132
6.8668,-4.3566,-0.2973,1.0549,0.0001,0.0014,0.0006,-0.0525,-0.0395,0.0613,0.2089,0.0953,0.3368,0.9131
6.8770,-4.3566,-0.2973,1.0549,0.0026,-0.0012,-0.0005,-0.2028,0.0044,-0.0335,0.2095,0.0953,0.3382,0.9125
6.8969,-4.3566,-0.2973,1.0548,-0.0022,-0.0007,-0.0033,-0.2271,0.1684,0.0728,0.2084,0.0961,0.3397,0.9121
6.8970,-4.3566,-0.2973,1.0548,-0.0016,0.0009,-0.0015,-0.0386,0.0267,0.0426,0.2084,0.0958,0.3392,0.9123
6.9064,-4.3567,-0.2973,1.0548,-0.0046,0.0012,-0.0030,0.0084,-0.1302,0.0921,0.2082,0.0946,0.3388,0.9126
6.9171,-4.3565,-0.2972,1.0549,0.0097,0.0044,0.0036,0.1191,0.0043,-0.0902,0.2090,0.0956,0.3379,0.9127
6.9372,-4.3565,-0.2972,1.0549,0.0018,0.0007,0.0014,-0.0086,-0.0135,-0.0077,0.2088,0.0953,0.3384,0.9126
6.9373,-4.3566,-0.2973,1.0549,-0.0041,-0.0033,-0.0004,-0.0515,-0.0023,0.0151,0.2087,0.0952,0.3388,0.9125
6.9471,-4.3567,-0.2973,1.0548,-0.0042,-0.0030,-0.0022,-0.1042,-0.0200,0.0635,0.2084,0.0947,0.3394,0.9124
6.9567,-4.3568,-0.2971,1.0553,-0.0080,0.0132,0.0251,2.2121,-0.4983,-0.1834,0.2096,0.0955,0.3211,0.9186
6.9774,-4.3567,-0.2968,1.0554,-0.0003,0.0197,0.0180,1.0140,-1.0864,0.5453,0.2069,0.0870,0.3187,0.9209
6.9775,-4.3565,-0.2971,1.0551,0.0151,-0.0052,-0.0128,-0.9922,0.1380,0.0288,0.2078,0.0897,0.3307,0.9162
6.9877,-4.3565,-0.2972,1.0549,0.0059,-0.0133,-0.0142,-1.1250,0.6342,-0.3028,0.2091,0.0938,0.3370,0.9132
6.9978,-4.3566,-0.2973,1.0549,-0.0065,-0.0106,-0.0088,-0.5556,0.4672,-0.1549,0.2089,0.0954,0.3383,0.9126
7.0183,-4.3551,-0.2976,1.0557,0.0855,-0.0196,0.0458,1.4662,0.1895,-1.9815,0.2222,0.1040,0.3234,0.9139
7.0185,-4.3561,-0.2974,1.0552,-0.0237,0.0031,-0.0123,-0.4251,-0.0040,0.4886,0.2134,0.0979,0.3323,0.9135
7.0281,-4.3549,-0.2976,1.0558,0.0577,-0.0087,0.0287,0.8724,0.0026,-1.1892,0.2233,0.1038,0.3229,0.9138
7.0369,-4.3561,-0.2974,1.0552,-0.0464,0.0071,-0.0238,-0.7137,-0.0946,0.9092,0.2138,0.0972,0.3321,0.9135
7.0574,-4.3567,-0.2974,1.0548,-0.0563,0.0048,-0.0325,-0.9693,-0.0224,1.0892,0.2088,0.0942,0.3379,0.9129
7.0575,-4.3567,-0.2973,1.0548,-0.0205,0.0036,-0.0128,-0.4616,0.0187,0.4341,0.2087,0.0942,0.3385,0.9127
7.0674,-4.3567,-0.2973,1.0548,-0.0086,0.0024,-0.0031,0.0309,0.0318,0.1444,0.2087,0.0949,0.3368,0.9132
7.0779,-4.3567,-0.2973,1.0549,-0.0017,0.0008,0.0013,0.1005,-0.0698,0.0265,0.2092,0.0945,0.3360,0.9135
7.0974,-4.3564,-0.2973,1.0550,0.0134,0.0039,0.0080,0.1184,-0.0796,-0.1127,0.2102,0.0946,0.3352,0.9135
7.0975,-4.3565,-0.2973,1.0550,0.0039,0.0018,0.0018,0.0743,-0.0764,-0.0409,0.2103,0.0943,0.3349,0.9136
7.1070,-4.3566,-0.2973,1.0548,-0.0060,-0.0013,-0.0073,-0.2353,0.0541,0.1443,0.2090,0.0940,0.3372,0.9131
7.1178,-4.3566,-0.2973,1.0548,-0.0031,-0.0015,-0.0036,-0.0449,0.0902,-0.0134,0.2093,0.0949,0.3369,0.9131
7.1367,-4.3566,-0.2973,1.0548,0.0015,-0.0022,0.0005,-0.0618,0.0206,-0.0586,0.2098,0.0948,0.3372,0.9129
7.1369,-4.3566,-0.2973,1.0549,0.0002,0.0017,0.0030,0.0545,-0.0756,0.0703,0.2092,0.0940,0.3365,0.9133
7.1478,-4.3566,-0.2973,1.0549,-0.0027,-0.0000,0.0008,0.1010,-0.0903,0.0466,0.2092,0.0936,0.3358,0.9136
7.1570,-4.3567,-0.2973,1.0549,-0.0034,-0.0002,-0.0008,0.0509,-0.0068,0.0246,0.2091,0.0939,0.3358,0.9136
7.1777,-4.3566,-0.2973,1.0549,0.0001,0.0013,0.0003,0.0263,-0.0507,-0.0157,0.2094,0.0936,0.3356,0.9136
7.1779,-4.3566,-0.2973,1.0549,0.0042,0.0024,0.0009,0.0714,-0.0336,-0.0336,0.2096,0.0937,0.3351,0.9138
7.1881,-4.3566,-0.2973,1.0549,-0.0017,0.0002,-0.0016,0.0042,0.0405,0.0240,0.2092,0.0940,0.3354,0.9137
7.1980,-4.3550,-0.2975,1.0557,0.0969,-0.0145,0.0501,1.4432,0.0847,-1.9684,0.2232,0.1027,0.3227,0.9141
7.2177,-4.3560,-0.2974,1.0551,-0.0215,0.0005,-0.0139,-0.4723,0.0269,0.4243,0.2146,0.0972,0.3320,0.9134
7.2178,-4.3565,-0.2973,1.0549,-0.0384,0.0053,-0.0219,-0.7721,-0.0307,0.8435,0.2100,0.0940,0.3368,0.9130
7.2270,-4.3567,-0.2973,1.0549,-0.0253,0.0039,-0.0097,-0.3210,-0.0697,0.5062,0.2090,0.0931,0.3369,0.9133
7.2375,-4.3568,-0.2971,1.0553,-0.0185,0.0132,0.0212,2.0140,-0.5635,0.0577,0.2100,0.0931,0.3189,0.9196
7.2573,-4.3570,-0.2971,1.0555,-0.0173,0.0030,0.0192,1.6393,-0.4511,-0.0602,0.2106,0.0930,0.3125,0.9216
7.2574,-4.3569,-0.2972,1.0556,-0.0055,0.0007,0.0150,0.9089,-0.2526,-0.1161,0.2113,0.0932,0.3103,0.9222
7.2686,-4.3570,-0.2972,1.0556,-0.0040,-0.0010,0.0051,0.2469,-0.1480,-0.0324,0.2114,0.0925,0.3110,0.9220
7.2777,-4.3566,-0.2971,1.0551,0.0196,0.0018,-0.0255,-1.8625,0.3834,0.1640,0.2103,0.0920,0.3272,0.9166
7.2974,-4.3551,-0.2975,1.0561,0.0957,-0.0204,0.0495,1.7364,0.0537,-2.0562,0.2250,0.1017,0.3060,0.9195
7.2976,-4.3544,-0.2976,1.0561,0.0831,-0.0171,0.0228,0.0114,0.4450,-1.4710,0.2291,0.1049,0.3120,0.9161
7.3079,-4.3559,-0.2974,1.0552,-0.0554,0.0071,-0.0443,-2.0719,0.3685,1.3829,0.2151,0.0969,0.3304,0.9139
7.3180,-4.3550,-0.2976,1.0557,0.0288,-0.0068,0.0099,0.0664,0.2126,-0.5665,0.2230,0.1024,0.3223,0.9143
7.3384,-4.3547,-0.2976,1.0559,0.0336,-0.0060,0.0138,0.3678,0.0643,-0.6864,0.2263,0.1041,0.3193,0.9144
7.3385,-4.3561,-0.2974,1.0551,-0.0694,0.0116,-0.0391,-1.3799,0.0510,1.4966,0.2138,0.0965,0.3327,0.9134
7.3469,-4.3551,-0.2975,1.0557,0.0280,-0.0048,0.0183,0.6729,0.0307,-0.6393,0.2224,0.1023,0.3220,0.9145
7.3582,-4.3562,-0.2973,1.0551,-0.0503,0.0099,-0.0253,-0.7731,0.0322,1.0756,0.2129,0.0969,0.3313,0.9141
7.3782,-4.3566,-0.2973,1.0549,-0.0480,0.0084,-0.0255,-0.7528,-0.0640,1.0356,0.2090,0.0939,0.3349,0.9140
7.3783,-4.3553,-0.2975,1.0556,0.0596,-0.0126,0.0318,1.2744,-0.0205,-1.3786,0.2216,0.1018,0.3212,0.9151
7.3884,-4.3563,-0.2972,1.0557,-0.0385,0.0121,0.0158,1.4813,-0.6218,0.4350,0.2146,0.0962,0.3133,0.9201
7.3982,-4.3565,-0.2971,1.0552,-0.0276,0.0119,-0.0217,-1.0450,-0.1493,0.7898,0.2108,0.0925,0.3269,0.9166
7.4179,-4.3554,-0.2975,1.0561,0.0586,-0.0143,0.0456,2.1597,-0.2779,-1.5662,0.2240,0.1006,0.3048,0.9202
7.4181,-4.3562,-0.2974,1.0553,-0.0236,-0.0002,-0.0295,-1.6226,0.3760,0.6761,0.2145,0.0962,0.3262,0.9156
7.4280,-4.3568,-0.2971,1.0553,-0.0462,0.0151,-0.0095,0.4313,-0.1410,0.7778,0.2105,0.0944,0.3178,0.9197
7.4376,-4.3550,-0.2975,1.0558,0.0863,-0.0193,0.0261,0.1650,0.4173,-1.2899,0.2218,0.1024,0.3174,0.9163
7.4588,-4.3546,-0.2976,1.0559,0.0606,-0.0129,0.0141,-0.0878,0.3244,-1.0758,0.2258,0.1047,0.3184,0.9147
7.4589,-4.3561,-0.2974,1.0551,-0.0643,0.0094,-0.0424,-1.6763,0.0195,1.3743,0.2134,0.0956,0.3327,0.9136
7.4674,-4.3566,-0.2973,1.0548,-0.0582,0.0074,-0.0335,-1.2591,0.0524,1.1387,0.2096,0.0935,0.3372,0.9130
7.4775,-4.3570,-0.2971,1.0551,-0.0462,0.0160,0.0061,1.5646,-0.3442,0.4597,0.2091,0.0942,0.3207,0.9190
7.4983,-4.3567,-0.2971,1.0549,-0.0011,0.0040,-0.0094,-0.4868,-0.0600,0.2052,0.2096,0.0929,0.3295,0.9159
7.4984,-4.3567,-0.2973,1.0547,-0.0030,-0.0075,-0.0152,-0.8680,0.1394,0.1252,0.2093,0.0928,0.3352,0.9139
7.5075,-4.3566,-0.2973,1.0548,0.0045,-0.0052,-0.0023,-0.2958,0.0900,-0.1166,0.2105,0.0937,0.3346,0.9138
7.5176,-4.3566,-0.2973,1.0548,0.0026,-0.0014,0.0011,-0.1574,0.0429,0.0152,0.2100,0.0935,0.3349,0.9138
7.5377,-4.3567,-0.2974,1.0548,-0.0053,-0.0024,-0.0028,-0.0005,0.0034,0.0854,0.2094,0.0932,0.3345,0.9141
7.5378,-4.3566,-0.2973,1.0549,0.0061,0.0009,0.0042,0.0480,0.0222,-0.0852,0.2102,0.0938,0.3340,0.9140
7.5475,-4.3567,-0.2973,1.0548,-0.0061,-0.0010,-0.0029,-0.0057,-0.0322,0.0594,0.2097,0.0932,0.3342,0.9141
7.5584,-4.3566,-0.2973,1.0549,0.0034,0.0022,0.0022,-0.0339,-0.0544,0.0017,0.2100,0.0929,0.3344,0.9140
7.5779,-4.3566,-0.2973,1.0548,0.0046,0.0006,-0.0005,-0.1833,-0.0091,-0.0215,0.2102,0.0927,0.3357,0.9135
7.5781,-4.3566,-0.2973,1.0548,-0.0018,0.0002,-0.0045,-0.1405,0.0344,0.0757,0.2095,0.0927,0.3364,0.9134
7.5877,-4.3566,-0.2973,1.0548,0.0026,0.0010,-0.0004,-0.0850,0.0672,0.0370,0.2093,0.0930,0.3367,0.9133
7.5984,-4.3566,-0.2973,1.0548,-0.0014,-0.0014,-0.0001,-0.0235,0.0577,-0.0498,0.2098,0.0935,0.3366,0.9132
7.6181,-4.3567,-0.2973,1.0547,-0.0074,-0.0017,-0.0032,-0.1285,0.0399,0.1415,0.2086,0.0929,0.3376,0.9132
7.6183,-4.3566,-0.2973,1.0549,0.0052,0.0005,0.0070,0.2156,-0.0063,-0.1055,0.2097,0.0937,0.3354,0.9137
7.6277,-4.3551,-0.2976,1.0556,0.0882,-0.0156,0.0464,1.6271,0.0023,-1.8785,0.2227,0.1017,0.3219,0.9146
7.6384,-4.3562,-0.2973,1.0557,-0.0249,0.0086,0.0228,1.7034,-0.6594,0.2889,0.2153,0.0959,0.3130,0.9201
7.6578,-4.3564,-0.2972,1.0552,-0.0249,0.0144,-0.0179,-0.8781,-0.1766,0.7569,0.2114,0.0922,0.3262,0.9167
7.6579,-4.3566,-0.2973,1.0549,-0.0224,-0.0001,-0.0247,-1.2710,0.2360,0.4991,0.2097,0.0924,0.3340,0.9143
7.6684,-4.3566,-0.2973,1.0549,-0.0108,-0.0023,-0.0148,-0.6945,0.1480,0.1615,0.2100,0.0926,0.3354,0.9137
7.6780,-4.3569,-0.2971,1.0552,-0.0220,0.0078,0.0137,1.6749,-0.3731,0.0487,0.2098,0.0928,0.3193,0.9195
7.6981,-4.3566,-0.2971,1.0550,0.0079,0.0043,-0.0040,-0.3537,-0.0208,0.0492,0.2100,0.0919,0.3278,0.9165
7.6982,-4.3566,-0.2972,1.0550,0.0075,-0.0041,-0.0042,-0.6571,0.2349,-0.0458,0.2103,0.0930,0.3322,0.9148
7.7072,-4.3567,-0.2973,1.0549,-0.0027,-0.0061,-0.0094,-0.6903,0.2059,0.1021,0.2094,0.0928,0.3356,0.9138
7.7179,-4.3567,-0.2973,1.0548,-0.0025,-0.0045,-0.0052,-0.3339,0.1098,0.0409,0.2093,0.0929,0.3361,0.9136
7.7378,-4.3566,-0.2973,1.0549,0.0055,-0.0015,0.0020,-0.0554,0.0217,-0.1005,0.2102,0.0932,0.3353,0.9136
7.7380,-4.3568,-0.2971,1.0553,-0.0131,0.0114,0.0215,2.0540,-0.6015,-0.0658,0.2105,0.0922,0.3181,0.9198
7.7478,-4.3570,-0.2971,1.0555,-0.0126,0.0051,0.0219,1.5343,-0.4504,-0.0556,0.2107,0.0919,0.3120,0.9218
7.7589,-4.3566,-0.2971,1.0551,0.0138,0.0039,-0.0138,-1.1158,0.1965,0.1294,0.2098,0.0914,0.3265,0.9171
7.7782,-4.3567,-0.2970,1.0553,0.0023,0.0034,0.0064,0.5588,0.0587,-0.1650,0.2108,0.0936,0.3184,0.9195
7.7783,-4.3565,-0.2971,1.0550,0.0118,-0.0029,-0.0131,-1.1531,0.2833,0.0011,0.2106,0.0930,0.3298,0.9155
7.7875,-4.3567,-0.2970,1.0553,-0.0087,0.0041,0.0113,0.9742,-0.1561,-0.0683,0.2108,0.0936,0.3180,0.9196
7.7976,-4.3566,-0.2971,1.0551,0.0068,0.0001,-0.0095,-0.9626,0.0751,0.1306,0.2102,0.0919,0.3288,0.9161
7.8182,-4.3568,-0.2971,1.0553,-0.0112,0.0001,0.0086,0.9253,-0.2158,0.0058,0.2103,0.0924,0.3181,0.9198
7.8183,-4.3567,-0.2971,1.0550,0.0035,-0.0037,-0.0142,-0.9279,0.1017,0.1048,0.2099,0.0913,0.3287,0.9163
7.8276,-4.3568,-0.2971,1.0553,-0.0088,0.0008,0.0098,0.8912,-0.1140,-0.0341,0.2100,0.0926,0.3184,0.9197
7.8379,-4.3570,-0.2971,1.0555,-0.0140,-0.0018,0.0173,1.1035,-0.2669,-0.0553,0.2103,0.0923,0.3121,0.9219
7.8583,-4.3569,-0.2971,1.0556,0.0008,0.0004,0.0129,0.4571,-0.0505,-0.1328,0.2110,0.0930,0.3121,0.9216
7.8585,-4.3569,-0.2971,1.0555,-0.0014,0.0009,0.0034,0.0586,0.0159,0.0426,0.2103,0.0929,0.3133,0.9214
7.8680,-4.3569,-0.2971,1.0555,-0.0017,0.0009,0.0014,0.1926,-0.0447,-0.0089,0.2105,0.0928,0.3118,0.9219
7.8787,-4.3569,-0.2971,1.0555,0.0019,-0.0005,-0.0002,-0.0138,-0.0022,-0.0866,0.2112,0.0930,0.3125,0.9215
7.8976,-4.3568,-0.2968,1.0555,0.0076,0.0152,-0.0037,-0.5628,-0.6429,0.7111,0.2075,0.0851,0.3163,0.9218
7.8977,-4.3565,-0.2970,1.0551,0.0201,-0.0050,-0.0247,-1.8718,0.3224,0.1140,0.2083,0.0872,0.3299,0.9166
7.9070,-4.3568,-0.2971,1.0552,-0.0073,-0.0041,-0.0012,0.5451,0.3881,-0.3248,0.2095,0.0925,0.3198,0.9194
7.9175,-4.3570,-0.2971,1.0554,-0.0156,-0.0063,0.0097,0.8891,0.0133,-0.2997,0.2106,0.0931,0.3141,0.9210
7.9376,-4.3567,-0.2971,1.0550,0.0103,-0.0033,-0.0217,-1.3572,0.3726,-0.0250,0.2102,0.0925,0.3282,0.9162
7.9377,-4.3567,-0.2973,1.0548,0.0041,-0.0105,-0.0211,-1.6017,0.5262,0.0730,0.2093,0.0934,0.3373,0.9131
7.9477,-4.3568,-0.2971,1.0552,-0.0040,0.0063,0.0166,1.1605,-0.1154,-0.1343,0.2101,0.0945,0.3224,0.9182
7.9569,-4.3570,-0.2971,1.0554,-0.0151,0.0040,0.0219,1.3855,-0.3946,-0.0226,0.2100,0.0933,0.3151,0.9208
7.9774,-4.3566,-0.2971,1.0551,0.0188,0.0010,-0.0129,-1.1270,0.1406,0.0385,0.2101,0.0925,0.3288,0.9161
7.9775,-4.3565,-0.2973,1.0549,0.0116,-0.0080,-0.0162,-1.4119,0.4189,0.0395,0.2097,0.0935,0.3366,0.9132
7.9885,-4.3568,-0.2971,1.0553,-0.0121,0.0063,0.0151,1.3987,-0.2354,-0.0490,0.2097,0.0941,0.3205,0.9189
7.9979,-4.3569,-0.2971,1.0555,-0.0106,0.0021,0.0222,1.4618,-0.2768,-0.1706,0.2107,0.0947,0.3130,0.9213
8.0182,-4.3566,-0.2971,1.0552,0.0129,-0.0001,-0.0106,-1.0651,0.1479,0.0596,0.2103,0.0933,0.3267,0.9167
8.0183,-4.3566,-0.2973,1.0550,0.0088,-0.0083,-0.0190,-1.4162,0.4130,0.0344,0.2100,0.0943,0.3346,0.9138
8.0281,-4.3566,-0.2973,1.0549,0.0028,-0.0061,-0.0116,-0.9618,0.3023,0.0944,0.2093,0.0944,0.3379,0.9127
8.0380,-4.3567,-0.2973,1.0549,-0.0048,-0.0026,-0.0065,-0.4190,0.1697,0.1142,0.2086,0.0945,0.3382,0.9128
8.0571,-4.3566,-0.2973,1.0549,0.0002,-0.0009,-0.0007,-0.1318,0.0863,-0.0033,0.2089,0.0949,0.3378,0.9128
8.0572,-4.3567,-0.2973,1.0549,-0.0031,0.0003,-0.0028,0.0088,-0.0619,0.0687,0.2086,0.0940,0.3372,0.9132
8.0681,-4.3567,-0.2973,1.0548,-0.0039,-0.0009,-0.0024,0.0604,-0.0068,-0.0032,0.2088,0.0944,0.3368,0.9133
8.0785,-4.3567,-0.2973,1.0548,-0.0021,-0.0006,-0.0010,0.0478,0.0137,-0.0320,0.2090,0.0946,0.3366,0.9133
8.0975,-4.3567,-0.2973,1.0549,0.0022,0.0001,0.0022,-0.0267,-0.0105,-0.0175,0.2091,0.0944,0.3369,0.9132
8.0976,-4.3568,-0.2973,1.0548,-0.0039,-0.0011,-0.0022,-0.0125,0.0065,0.0529,0.2086,0.0943,0.3370,0.9133
8.1073,-4.3569,-0.2974,1.0547,-0.0064,-0.0022,-0.0075,-0.1863,0.1454,0.0623,0.2080,0.0950,0.3387,0.9127
8.1174,-4.3568,-0.2973,1.0548,0.0037,0.0006,0.0033,0.0481,0.0116,-0.0677,0.2088,0.0951,0.3375,0.9129
8.1375,-4.3567,-0.2973,1.0549,0.0043,0.0002,0.0045,0.0480,-0.0271,-0.0280,0.2088,0.0949,0.3373,0.9130
8.1377,-4.3567,-0.2974,1.0548,0.0022,-0.0012,-0.0015,-0.0788,0.0194,-0.0367,0.2090,0.0950,0.3381,0.9127
8.1476,-4.3566,-0.2973,1.0549,0.0040,0.0020,0.0034,0.0482,-0.0677,-0.0094,0.2091,0.0946,0.3373,0.9130
8.1577,-4.3567,-0.2973,1.0549,-0.0010,-0.0007,0.0009,0.1605,0.0587,-0.1177,0.2097,0.0958,0.3363,0.9131
8.1780,-4.3567,-0.2973,1.0549,-0.0008,0.0020,0.0006,0.0953,0.0069,0.0006,0.2093,0.0956,0.3360,0.9133
8.1781,-4.3567,-0.2973,1.0549,-0.0023,-0.0010,-0.0004,-0.0616,-0.0003,0.0538,0.2090,0.0953,0.3369,0.9131
8.1875,-4.3568,-0.2973,1.0549,-0.0029,-0.0005,-0.0003,-0.0637,0.0296,0.0949,0.2084,0.0952,0.3373,0.9131
8.1972,-4.3567,-0.2973,1.0549,0.0013,-0.0002,0.0009,-0.0788,0.0373,0.0137,0.2086,0.0954,0.3377,0.9129
8.2199,-4.3567,-0.2973,1.0549,-0.0009,-0.0007,-0.0015,0.0357,0.0215,-0.0425,0.2088,0.0957,0.3371,0.9130
